ID,Title,Acceptance,Difficulty,Frequency,Leetcode Question Link
929,Unique Email Addresses,67.4%,Easy,4.044864181469562, https://leetcode.com/problems/unique-email-addresses
975,Odd Even Jump,42.2%,Hard,3.542883035207838, https://leetcode.com/problems/odd-even-jump
857,Minimum Cost to Hire K Workers,49.6%,Hard,3.062264814727787, https://leetcode.com/problems/minimum-cost-to-hire-k-workers
294,Flip Game II,50.0%,Medium,2.87957606515677, https://leetcode.com/problems/flip-game-ii
683,K Empty Slots,35.6%,Hard,2.797569124141848, https://leetcode.com/problems/k-empty-slots
391,Perfect Rectangle,30.5%,Hard,2.360954357382845, https://leetcode.com/problems/perfect-rectangle
401,Binary Watch,47.5%,Easy,2.246794842528927, https://leetcode.com/problems/binary-watch
1007,Minimum Domino Rotations For Equal Row,50.0%,Medium,2.170163308534744, https://leetcode.com/problems/minimum-domino-rotations-for-equal-row
843,Guess the Word,46.1%,Hard,2.087209390653749, https://leetcode.com/problems/guess-the-word
293,Flip Game,60.7%,Easy,2.0049678986989146, https://leetcode.com/problems/flip-game
1153,String Transforms Into Another String,35.8%,Hard,2.004255472772754, https://leetcode.com/problems/string-transforms-into-another-string
1088,Confusing Number II,44.0%,Hard,1.921301554891759, https://leetcode.com/problems/confusing-number-ii
809,Expressive Words,47.0%,Medium,1.8887891194583848, https://leetcode.com/problems/expressive-words
411,Minimum Unique Word Abbreviation,36.3%,Hard,1.843584537092641, https://leetcode.com/problems/minimum-unique-word-abbreviation
1110,Delete Nodes And Return Forest,67.0%,Medium,1.8058352015773895, https://leetcode.com/problems/delete-nodes-and-return-forest
1,Two Sum,45.6%,Easy,1.7788944716412072, https://leetcode.com/problems/two-sum
659,Split Array into Consecutive Subsequences,43.7%,Medium,1.711144891213337, https://leetcode.com/problems/split-array-into-consecutive-subsequences
727,Minimum Window Subsequence,41.8%,Hard,1.6988043776900663, https://leetcode.com/problems/minimum-window-subsequence
1170,Compare Strings by Frequency of the Smallest Character,58.7%,Easy,1.6570930192536797, https://leetcode.com/problems/compare-strings-by-frequency-of-the-smallest-character
1055,Shortest Way to Form String,56.9%,Medium,1.6487734044295008, https://leetcode.com/problems/shortest-way-to-form-string
359,Logger Rate Limiter,70.8%,Easy,1.588573586220281, https://leetcode.com/problems/logger-rate-limiter
642,Design Search Autocomplete System,44.7%,Hard,1.554654590999807, https://leetcode.com/problems/design-search-autocomplete-system
946,Validate Stack Sequences,61.9%,Medium,1.4991260114276068, https://leetcode.com/problems/validate-stack-sequences
552,Student Attendance Record II,36.7%,Hard,1.4313647525612732, https://leetcode.com/problems/student-attendance-record-ii
846,Hand of Straights,54.2%,Medium,1.3987653023923765, https://leetcode.com/problems/hand-of-straights
465,Optimal Account Balancing,46.9%,Hard,1.392711503201808, https://leetcode.com/problems/optimal-account-balancing
750,Number Of Corner Rectangles,66.4%,Medium,1.3924482266942688, https://leetcode.com/problems/number-of-corner-rectangles
469,Convex Polygon,37.0%,Medium,1.3618033411115948, https://leetcode.com/problems/convex-polygon
1231,Divide Chocolate,52.4%,Hard,1.355484603119876, https://leetcode.com/problems/divide-chocolate
943,Find the Shortest Superstring,42.9%,Hard,1.3440770366239985, https://leetcode.com/problems/find-the-shortest-superstring
327,Count of Range Sum,35.2%,Hard,1.3151273131514118, https://leetcode.com/problems/count-of-range-sum
760,Find Anagram Mappings,81.1%,Easy,1.28919687074147, https://leetcode.com/problems/find-anagram-mappings
363,Max Sum of Rectangle No Larger Than K,37.3%,Hard,1.2725306852388811, https://leetcode.com/problems/max-sum-of-rectangle-no-larger-than-k
251,Flatten 2D Vector,45.7%,Medium,1.2441496508172531, https://leetcode.com/problems/flatten-2d-vector
1547,Minimum Cost to Cut a Stick,47.2%,Hard,1.209837923778334, https://leetcode.com/problems/minimum-cost-to-cut-a-stick
1438,Longest Continuous Subarray With Absolute Diff Less Than or Equal to Limit,42.1%,Medium,1.1895767673578863, https://leetcode.com/problems/longest-continuous-subarray-with-absolute-diff-less-than-or-equal-to-limit
410,Split Array Largest Sum,44.5%,Hard,1.1834612534147486, https://leetcode.com/problems/split-array-largest-sum
214,Shortest Palindrome,29.8%,Hard,1.171269934244185, https://leetcode.com/problems/shortest-palindrome
752,Open the Lock,51.8%,Medium,1.149229346636899, https://leetcode.com/problems/open-the-lock
1057,Campus Bikes,57.7%,Medium,1.143650474339318, https://leetcode.com/problems/campus-bikes
222,Count Complete Tree Nodes,46.8%,Medium,1.136501392326842, https://leetcode.com/problems/count-complete-tree-nodes
951,Flip Equivalent Binary Trees,65.8%,Medium,1.0943095805953664, https://leetcode.com/problems/flip-equivalent-binary-trees
299,Bulls and Cows,42.4%,Easy,1.0634482260723517, https://leetcode.com/problems/bulls-and-cows
315,Count of Smaller Numbers After Self,41.5%,Hard,0.982981084562394, https://leetcode.com/problems/count-of-smaller-numbers-after-self
770,Basic Calculator IV,48.1%,Hard,0.9582549309731871, https://leetcode.com/problems/basic-calculator-iv
422,Valid Word Square,37.7%,Easy,0.9560140838920024, https://leetcode.com/problems/valid-word-square
679,24 Game,46.4%,Hard,0.9499298325860126, https://leetcode.com/problems/24-game
135,Candy,31.6%,Hard,0.9084047340753654, https://leetcode.com/problems/candy
1121,Divide Array Into Increasing Sequences,56.9%,Hard,0.8873031950009028, https://leetcode.com/problems/divide-array-into-increasing-sequences
489,Robot Room Cleaner,69.7%,Hard,0.8669759147050178, https://leetcode.com/problems/robot-room-cleaner
1146,Snapshot Array,37.0%,Medium,0.8608224218366608, https://leetcode.com/problems/snapshot-array
920,Number of Music Playlists,46.5%,Hard,0.8472978603872036, https://leetcode.com/problems/number-of-music-playlists
408,Valid Word Abbreviation,30.6%,Easy,0.8465211613190313, https://leetcode.com/problems/valid-word-abbreviation
640,Solve the Equation,42.0%,Medium,0.8389208480491557, https://leetcode.com/problems/solve-the-equation
801,Minimum Swaps To Make Sequences Increasing,38.9%,Medium,0.8257867334583089, https://leetcode.com/problems/minimum-swaps-to-make-sequences-increasing
835,Image Overlap,58.5%,Medium,0.8222042927895468, https://leetcode.com/problems/image-overlap
833,Find And Replace in String,50.4%,Medium,0.8018557437829221, https://leetcode.com/problems/find-and-replace-in-string
457,Circular Array Loop,29.4%,Medium,0.7941569279715013, https://leetcode.com/problems/circular-array-loop
562,Longest Line of Consecutive One in Matrix,45.9%,Medium,0.7929366511683162, https://leetcode.com/problems/longest-line-of-consecutive-one-in-matrix
271,Encode and Decode Strings,31.5%,Medium,0.7857399673877702, https://leetcode.com/problems/encode-and-decode-strings
591,Tag Validator,34.3%,Hard,0.7812544480702122, https://leetcode.com/problems/tag-validator
1074,Number of Submatrices That Sum to Target,60.4%,Hard,0.7796971965263972, https://leetcode.com/problems/number-of-submatrices-that-sum-to-target
939,Minimum Area Rectangle,51.8%,Medium,0.7758696575905972, https://leetcode.com/problems/minimum-area-rectangle
1423,Maximum Points You Can Obtain from Cards,42.6%,Medium,0.7734023603473162, https://leetcode.com/problems/maximum-points-you-can-obtain-from-cards
1240,Tiling a Rectangle with the Fewest Squares,50.1%,Hard,0.7707054149058199, https://leetcode.com/problems/tiling-a-rectangle-with-the-fewest-squares
1048,Longest String Chain,54.7%,Medium,0.7417976896771288, https://leetcode.com/problems/longest-string-chain
1032,Stream of Characters,48.3%,Hard,0.7417736920001029, https://leetcode.com/problems/stream-of-characters
1293,Shortest Path in a Grid with Obstacles Elimination,42.8%,Hard,0.7389567165912395, https://leetcode.com/problems/shortest-path-in-a-grid-with-obstacles-elimination
1320,Minimum Distance to Type a Word Using Two Fingers,62.3%,Hard,0.7328875092094594, https://leetcode.com/problems/minimum-distance-to-type-a-word-using-two-fingers
484,Find Permutation,60.5%,Medium,0.7102416139192455, https://leetcode.com/problems/find-permutation
710,Random Pick with Blacklist,32.5%,Hard,0.7095409903356217, https://leetcode.com/problems/random-pick-with-blacklist
753,Cracking the Safe,50.5%,Hard,0.705886206337375, https://leetcode.com/problems/cracking-the-safe
444,Sequence Reconstruction,22.2%,Medium,0.7030133634809992, https://leetcode.com/problems/sequence-reconstruction
788,Rotated Digits,57.1%,Easy,0.7007325519492019, https://leetcode.com/problems/rotated-digits
221,Maximal Square,37.7%,Medium,0.6899129446271253, https://leetcode.com/problems/maximal-square
85,Maximal Rectangle,37.7%,Hard,0.677931333322692, https://leetcode.com/problems/maximal-rectangle
1023,Camelcase Matching,57.0%,Medium,0.65888823073893, https://leetcode.com/problems/camelcase-matching
729,My Calendar I,51.8%,Medium,0.6562984201902302, https://leetcode.com/problems/my-calendar-i
660,Remove 9,53.3%,Hard,0.6466271649250525, https://leetcode.com/problems/remove-9
370,Range Addition,62.8%,Medium,0.633385446017691, https://leetcode.com/problems/range-addition
723,Candy Crush,69.2%,Medium,0.6236493860630239, https://leetcode.com/problems/candy-crush
587,Erect the Fence,35.9%,Hard,0.6234672599219555, https://leetcode.com/problems/erect-the-fence
329,Longest Increasing Path in a Matrix,43.4%,Hard,0.6224062149541277, https://leetcode.com/problems/longest-increasing-path-in-a-matrix
844,Backspace String Compare,46.4%,Easy,0.6195280067866277, https://leetcode.com/problems/backspace-string-compare
68,Text Justification,27.7%,Hard,0.6140675688764503, https://leetcode.com/problems/text-justification
57,Insert Interval,33.5%,Hard,0.6125678482424609, https://leetcode.com/problems/insert-interval
528,Random Pick with Weight,43.9%,Medium,0.6100335190236106, https://leetcode.com/problems/random-pick-with-weight
1296,Divide Array in Sets of K Consecutive Numbers,53.8%,Medium,0.6080358611436607, https://leetcode.com/problems/divide-array-in-sets-of-k-consecutive-numbers
722,Remove Comments,34.6%,Medium,0.6080123287972728, https://leetcode.com/problems/remove-comments
497,Random Point in Non-overlapping Rectangles,37.8%,Medium,0.5900175637637866, https://leetcode.com/problems/random-point-in-non-overlapping-rectangles
799,Champagne Tower,35.8%,Medium,0.5900175637637866, https://leetcode.com/problems/champagne-tower
854,K-Similar Strings,38.2%,Hard,0.5809557039657982, https://leetcode.com/problems/k-similar-strings
362,Design Hit Counter,63.7%,Medium,0.5752838074863666, https://leetcode.com/problems/design-hit-counter
1031,Maximum Sum of Two Non-Overlapping Subarrays,57.9%,Medium,0.5684880063705432, https://leetcode.com/problems/maximum-sum-of-two-non-overlapping-subarrays
1011,Capacity To Ship Packages Within D Days,58.1%,Medium,0.5675510434445954, https://leetcode.com/problems/capacity-to-ship-packages-within-d-days
482,License Key Formatting,43.1%,Easy,0.5650712412547398, https://leetcode.com/problems/license-key-formatting
1197,Minimum Knight Moves,36.1%,Medium,0.5616591289700842, https://leetcode.com/problems/minimum-knight-moves
346,Moving Average from Data Stream,70.9%,Easy,0.5613967323064175, https://leetcode.com/problems/moving-average-from-data-stream
394,Decode String,50.0%,Medium,0.5539181015179535, https://leetcode.com/problems/decode-string
321,Create Maximum Number,27.0%,Hard,0.538996500732687, https://leetcode.com/problems/create-maximum-number
399,Evaluate Division,51.6%,Medium,0.5332723866487983, https://leetcode.com/problems/evaluate-division
684,Redundant Connection,57.4%,Medium,0.5260410870552643, https://leetcode.com/problems/redundant-connection
777,Swap Adjacent in LR String,34.8%,Medium,0.5236642036831771, https://leetcode.com/problems/swap-adjacent-in-lr-string
774,Minimize Max Distance to Gas Station,46.9%,Hard,0.5168226432383649, https://leetcode.com/problems/minimize-max-distance-to-gas-station
248,Strobogrammatic Number III,39.6%,Hard,0.5138062519041285, https://leetcode.com/problems/strobogrammatic-number-iii
1368,Minimum Cost to Make at Least One Valid Path in a Grid,54.3%,Hard,0.5118945709548958, https://leetcode.com/problems/minimum-cost-to-make-at-least-one-valid-path-in-a-grid
379,Design Phone Directory,46.8%,Medium,0.5108256237659907, https://leetcode.com/problems/design-phone-directory
1168,Optimize Water Distribution in a Village,60.9%,Hard,0.5078801135362339, https://leetcode.com/problems/optimize-water-distribution-in-a-village
1477,Find Two Non-overlapping Sub-arrays Each With Target Sum,30.0%,Medium,0.503366532914857, https://leetcode.com/problems/find-two-non-overlapping-sub-arrays-each-with-target-sum
736,Parse Lisp Expression,47.5%,Hard,0.4964368863138911, https://leetcode.com/problems/parse-lisp-expression
1060,Missing Element in Sorted Array,54.5%,Medium,0.4903986257668087, https://leetcode.com/problems/missing-element-in-sorted-array
1376,Time Needed to Inform All Employees,55.4%,Medium,0.4903935849487848, https://leetcode.com/problems/time-needed-to-inform-all-employees
837,New 21 Game,34.6%,Medium,0.4903645518946506, https://leetcode.com/problems/new-21-game
743,Network Delay Time,45.0%,Medium,0.4876019541934417, https://leetcode.com/problems/network-delay-time
1292,Maximum Side Length of a Square with Sum Less than or Equal to Threshold,48.6%,Medium,0.4855078157817007, https://leetcode.com/problems/maximum-side-length-of-a-square-with-sum-less-than-or-equal-to-threshold
792,Number of Matching Subsequences,47.4%,Medium,0.4855078157817007, https://leetcode.com/problems/number-of-matching-subsequences
544,Output Contest Matches,75.3%,Medium,0.4828517717235845, https://leetcode.com/problems/output-contest-matches
1145,Binary Tree Coloring Game,51.2%,Medium,0.4782742733579818, https://leetcode.com/problems/binary-tree-coloring-game
593,Valid Square,43.1%,Medium,0.4768380764760327, https://leetcode.com/problems/valid-square
800,Similar RGB Color,61.4%,Easy,0.4737843520856416, https://leetcode.com/problems/similar-rgb-color
298,Binary Tree Longest Consecutive Sequence,47.1%,Medium,0.4737843520856416, https://leetcode.com/problems/binary-tree-longest-consecutive-sequence
914,X of a Kind in a Deck of Cards,35.1%,Easy,0.471676336633239, https://leetcode.com/problems/x-of-a-kind-in-a-deck-of-cards
1096,Brace Expansion II,62.2%,Hard,0.4700036292457356, https://leetcode.com/problems/brace-expansion-ii
558,Logical OR of Two Binary Grids Represented as Quad-Trees,44.6%,Medium,0.46813621507094, https://leetcode.com/problems/logical-or-of-two-binary-grids-represented-as-quad-trees
815,Bus Routes,42.5%,Hard,0.465669704393796, https://leetcode.com/problems/bus-routes
302,Smallest Rectangle Enclosing Black Pixels,51.6%,Hard,0.462623521948113, https://leetcode.com/problems/smallest-rectangle-enclosing-black-pixels
1136,Parallel Courses,61.1%,Hard,0.462623521948113, https://leetcode.com/problems/parallel-courses
295,Find Median from Data Stream,44.3%,Hard,0.4564947142490323, https://leetcode.com/problems/find-median-from-data-stream
635,Design Log Storage System,58.6%,Medium,0.4485486942444761, https://leetcode.com/problems/design-log-storage-system
767,Reorganize String,48.7%,Medium,0.4482664008914164, https://leetcode.com/problems/reorganize-string
76,Minimum Window Substring,34.6%,Hard,0.4473429600795586, https://leetcode.com/problems/minimum-window-substring
305,Number of Islands II,40.1%,Hard,0.4429378468770826, https://leetcode.com/problems/number-of-islands-ii
818,Race Car,39.0%,Hard,0.4297756976087805, https://leetcode.com/problems/race-car
337,House Robber III,50.6%,Medium,0.4215112976695133, https://leetcode.com/problems/house-robber-iii
862,Shortest Subarray with Sum at Least K,24.6%,Hard,0.4193024763126988, https://leetcode.com/problems/shortest-subarray-with-sum-at-least-k
1219,Path with Maximum Gold,65.1%,Medium,0.4148646551196687, https://leetcode.com/problems/path-with-maximum-gold
187,Repeated DNA Sequences,38.9%,Medium,0.4131625581915463, https://leetcode.com/problems/repeated-dna-sequences
652,Find Duplicate Subtrees,50.2%,Medium,0.4102843945441133, https://leetcode.com/problems/find-duplicate-subtrees
471,Encode String with Shortest Length,47.1%,Hard,0.4096756406445079, https://leetcode.com/problems/encode-string-with-shortest-length
926,Flip String to Monotone Increasing,52.3%,Medium,0.4075593497112791, https://leetcode.com/problems/flip-string-to-monotone-increasing
1087,Brace Expansion,62.7%,Medium,0.4065094946260706, https://leetcode.com/problems/brace-expansion
616,Add Bold Tag in String,43.1%,Medium,0.4063931824207182, https://leetcode.com/problems/add-bold-tag-in-string
281,Zigzag Iterator,58.4%,Medium,0.3973017974690034, https://leetcode.com/problems/zigzag-iterator
1284,Minimum Number of Flips to Convert Binary Matrix to Zero Matrix,69.5%,Hard,0.3946541920039487, https://leetcode.com/problems/minimum-number-of-flips-to-convert-binary-matrix-to-zero-matrix
296,Best Meeting Point,57.5%,Hard,0.388507095744267, https://leetcode.com/problems/best-meeting-point
560,Subarray Sum Equals K,43.9%,Medium,0.3871795025983416, https://leetcode.com/problems/subarray-sum-equals-k
790,Domino and Tromino Tiling,39.2%,Medium,0.3856624808119847, https://leetcode.com/problems/domino-and-tromino-tiling
742,Closest Leaf in a Binary Tree,43.6%,Medium,0.383789382629124, https://leetcode.com/problems/closest-leaf-in-a-binary-tree
681,Next Closest Time,45.0%,Medium,0.3823452124405843, https://leetcode.com/problems/next-closest-time
253,Meeting Rooms II,45.7%,Medium,0.3758968418861914, https://leetcode.com/problems/meeting-rooms-ii
53,Maximum Subarray,46.5%,Easy,0.375777577908393, https://leetcode.com/problems/maximum-subarray
126,Word Ladder II,22.1%,Hard,0.374267802806815, https://leetcode.com/problems/word-ladder-ii
889,Construct Binary Tree from Preorder and Postorder Traversal,66.2%,Medium,0.3731218633879398, https://leetcode.com/problems/construct-binary-tree-from-preorder-and-postorder-traversal
430,Flatten a Multilevel Doubly Linked List,55.1%,Medium,0.3702096582803022, https://leetcode.com/problems/flatten-a-multilevel-doubly-linked-list
1463,Cherry Pickup II,65.7%,Hard,0.3674514814081202, https://leetcode.com/problems/cherry-pickup-ii
459,Repeated Substring Pattern,42.2%,Easy,0.3633051598558949, https://leetcode.com/problems/repeated-substring-pattern
1345,Jump Game IV,38.0%,Hard,0.363133899796418, https://leetcode.com/problems/jump-game-iv
1223,Dice Roll Simulation,45.6%,Medium,0.3577496350684978, https://leetcode.com/problems/dice-roll-simulation
158,Read N Characters Given Read4 II - Call multiple times,33.8%,Hard,0.3539505992522855, https://leetcode.com/problems/read-n-characters-given-read4-ii-call-multiple-times
205,Isomorphic Strings,39.8%,Easy,0.3492453810291241, https://leetcode.com/problems/isomorphic-strings
859,Buddy Strings,27.4%,Easy,0.3485569758362848, https://leetcode.com/problems/buddy-strings
731,My Calendar II,49.1%,Medium,0.3483066942682158, https://leetcode.com/problems/my-calendar-ii
772,Basic Calculator III,41.3%,Hard,0.342522988151367, https://leetcode.com/problems/basic-calculator-iii
694,Number of Distinct Islands,56.0%,Medium,0.3424069721410274, https://leetcode.com/problems/number-of-distinct-islands
483,Smallest Good Base,35.7%,Hard,0.3393540829961018, https://leetcode.com/problems/smallest-good-base
715,Range Module,38.5%,Hard,0.3364722366212129, https://leetcode.com/problems/range-module
1125,Smallest Sufficient Team,46.6%,Hard,0.3364722366212129, https://leetcode.com/problems/smallest-sufficient-team
850,Rectangle Area II,47.5%,Hard,0.3339517563958779, https://leetcode.com/problems/rectangle-area-ii
803,Bricks Falling When Hit,30.8%,Hard,0.3339517563958779, https://leetcode.com/problems/bricks-falling-when-hit
960,Delete Columns to Make Sorted III,53.6%,Hard,0.3336393735369088, https://leetcode.com/problems/delete-columns-to-make-sorted-iii
323,Number of Connected Components in an Undirected Graph,56.0%,Medium,0.3298428832760589, https://leetcode.com/problems/number-of-connected-components-in-an-undirected-graph
1277,Count Square Submatrices with All Ones,73.3%,Medium,0.3296504505018546, https://leetcode.com/problems/count-square-submatrices-with-all-ones
368,Largest Divisible Subset,38.0%,Medium,0.3202730584694241, https://leetcode.com/problems/largest-divisible-subset
272,Closest Binary Search Tree Value II,50.5%,Hard,0.3195226783074397, https://leetcode.com/problems/closest-binary-search-tree-value-ii
1406,Stone Game III,56.1%,Hard,0.3195226783074397, https://leetcode.com/problems/stone-game-iii
913,Cat and Mouse,31.3%,Hard,0.3150810466398953, https://leetcode.com/problems/cat-and-mouse
1056,Confusing Number,48.6%,Easy,0.3150810466398953, https://leetcode.com/problems/confusing-number
900,RLE Iterator,53.5%,Medium,0.31383478526224, https://leetcode.com/problems/rle-iterator
433,Minimum Genetic Mutation,41.8%,Medium,0.3101549283038395, https://leetcode.com/problems/minimum-genetic-mutation
72,Edit Distance,44.8%,Hard,0.3092819909823789, https://leetcode.com/problems/edit-distance
947,Most Stones Removed with Same Row or Column,55.2%,Medium,0.3080150318071775, https://leetcode.com/problems/most-stones-removed-with-same-row-or-column
981,Time Based Key-Value Store,53.1%,Medium,0.3076005525488317, https://leetcode.com/problems/time-based-key-value-store
771,Jewels and Stones,86.4%,Easy,0.3061990240936433, https://leetcode.com/problems/jewels-and-stones
209,Minimum Size Subarray Sum,38.2%,Medium,0.3052704655526683, https://leetcode.com/problems/minimum-size-subarray-sum
317,Shortest Distance from All Buildings,41.4%,Hard,0.2987425362520947, https://leetcode.com/problems/shortest-distance-from-all-buildings
56,Merge Intervals,39.3%,Medium,0.2985378761406593, https://leetcode.com/problems/merge-intervals
871,Minimum Number of Refueling Stops,31.4%,Hard,0.2957142441490452, https://leetcode.com/problems/minimum-number-of-refueling-stops
737,Sentence Similarity II,45.8%,Medium,0.2929871246814741, https://leetcode.com/problems/sentence-similarity-ii
261,Graph Valid Tree,42.2%,Medium,0.2909599962484513, https://leetcode.com/problems/graph-valid-tree
375,Guess Number Higher or Lower II,40.3%,Medium,0.2895460058898436, https://leetcode.com/problems/guess-number-higher-or-lower-ii
982,Triples with Bitwise AND Equal To Zero,55.6%,Hard,0.2876820724517809, https://leetcode.com/problems/triples-with-bitwise-and-equal-to-zero
2,Add Two Numbers,33.9%,Medium,0.2861175570266303, https://leetcode.com/problems/add-two-numbers
340,Longest Substring with At Most K Distinct Characters,44.1%,Hard,0.284527977147328, https://leetcode.com/problems/longest-substring-with-at-most-k-distinct-characters
758,Bold Words in String,46.0%,Easy,0.2835752904991275, https://leetcode.com/problems/bold-words-in-string
732,My Calendar III,60.0%,Hard,0.2795848622191615, https://leetcode.com/problems/my-calendar-iii
1206,Design Skiplist,57.3%,Hard,0.2795848622191615, https://leetcode.com/problems/design-skiplist
1326,Minimum Number of Taps to Open to Water a Garden,43.6%,Hard,0.2786048543006643, https://leetcode.com/problems/minimum-number-of-taps-to-open-to-water-a-garden
1036,Escape a Large Maze,35.4%,Hard,0.2776317365982795, https://leetcode.com/problems/escape-a-large-maze
200,Number of Islands,46.8%,Medium,0.2769167662741805, https://leetcode.com/problems/number-of-islands
385,Mini Parser,33.8%,Medium,0.2752815592533259, https://leetcode.com/problems/mini-parser
218,The Skyline Problem,34.6%,Hard,0.2746948769249697, https://leetcode.com/problems/the-skyline-problem
42,Trapping Rain Water,48.9%,Hard,0.2738524150906199, https://leetcode.com/problems/trapping-rain-water
1203,Sort Items by Groups Respecting Dependencies,47.6%,Hard,0.2711095169699942, https://leetcode.com/problems/sort-items-by-groups-respecting-dependencies
1140,Stone Game II,63.3%,Medium,0.2655409465745674, https://leetcode.com/problems/stone-game-ii
845,Longest Mountain in Array,37.2%,Medium,0.2652575419536286, https://leetcode.com/problems/longest-mountain-in-array
499,The Maze III,41.0%,Hard,0.2629424662760252, https://leetcode.com/problems/the-maze-iii
336,Palindrome Pairs,33.7%,Hard,0.2624566048341479, https://leetcode.com/problems/palindrome-pairs
1265,Print Immutable Linked List in Reverse,94.6%,Medium,0.2620761215466096, https://leetcode.com/problems/print-immutable-linked-list-in-reverse
127,Word Ladder,29.6%,Medium,0.2576246451678042, https://leetcode.com/problems/word-ladder
632,Smallest Range Covering Elements from K Lists,52.4%,Hard,0.2574120081490246, https://leetcode.com/problems/smallest-range-covering-elements-from-k-lists
1114,Print in Order,65.7%,Easy,0.2548922496287901, https://leetcode.com/problems/print-in-order
325,Maximum Size Subarray Sum Equals k,46.8%,Medium,0.2525907526405108, https://leetcode.com/problems/maximum-size-subarray-sum-equals-k
531,Lonely Pixel I,59.0%,Medium,0.2481796294755346, https://leetcode.com/problems/lonely-pixel-i
530,Minimum Absolute Difference in BST,53.8%,Easy,0.2471520913662187, https://leetcode.com/problems/minimum-absolute-difference-in-bst
365,Water and Jug Problem,30.6%,Medium,0.2458796322949491, https://leetcode.com/problems/water-and-jug-problem
1066,Campus Bikes II,54.2%,Medium,0.2444533379009608, https://leetcode.com/problems/campus-bikes-ii
527,Word Abbreviation,54.3%,Hard,0.2436220826577504, https://leetcode.com/problems/word-abbreviation
128,Longest Consecutive Sequence,45.1%,Hard,0.2429952081596171, https://leetcode.com/problems/longest-consecutive-sequence
402,Remove K Digits,28.4%,Medium,0.2406760300758503, https://leetcode.com/problems/remove-k-digits
1157,Online Majority Element In Subarray,39.0%,Hard,0.2406760300758503, https://leetcode.com/problems/online-majority-element-in-subarray
266,Palindrome Permutation,61.9%,Easy,0.235382573048932, https://leetcode.com/problems/palindrome-permutation
551,Student Attendance Record I,46.0%,Easy,0.235305354339618, https://leetcode.com/problems/student-attendance-record-i
1444,Number of Ways of Cutting a Pizza,52.8%,Hard,0.2349935912317055, https://leetcode.com/problems/number-of-ways-of-cutting-a-pizza
381,Insert Delete GetRandom O(1) - Duplicates allowed,34.1%,Hard,0.2349381278070467, https://leetcode.com/problems/insert-delete-getrandom-o1-duplicates-allowed
726,Number of Atoms,49.0%,Hard,0.2336148511815051, https://leetcode.com/problems/number-of-atoms
174,Dungeon Game,32.3%,Hard,0.2334626603948416, https://leetcode.com/problems/dungeon-game
397,Integer Replacement,32.9%,Medium,0.2322522675124501, https://leetcode.com/problems/integer-replacement
853,Car Fleet,42.3%,Medium,0.2318016140573243, https://leetcode.com/problems/car-fleet
224,Basic Calculator,36.8%,Hard,0.2307417305452811, https://leetcode.com/problems/basic-calculator
173,Binary Search Tree Iterator,56.6%,Medium,0.2294323457295186, https://leetcode.com/problems/binary-search-tree-iterator
924,Minimize Malware Spread,42.0%,Hard,0.2288415724288474, https://leetcode.com/problems/minimize-malware-spread
428,Serialize and Deserialize N-ary Tree,59.4%,Hard,0.2256719976675684, https://leetcode.com/problems/serialize-and-deserialize-n-ary-tree
369,Plus One Linked List,58.2%,Medium,0.2253882211680336, https://leetcode.com/problems/plus-one-linked-list
4,Median of Two Sorted Arrays,29.6%,Hard,0.2232217037897291, https://leetcode.com/problems/median-of-two-sorted-arrays
353,Design Snake Game,34.2%,Medium,0.2228314901476892, https://leetcode.com/problems/design-snake-game
464,Can I Win,28.8%,Medium,0.2228314901476892, https://leetcode.com/problems/can-i-win
313,Super Ugly Number,45.0%,Medium,0.2225203041765533, https://leetcode.com/problems/super-ugly-number
267,Palindrome Permutation II,36.4%,Medium,0.2193215428396344, https://leetcode.com/problems/palindrome-permutation-ii
393,UTF-8 Validation,37.5%,Medium,0.2166710368085923, https://leetcode.com/problems/utf-8-validation
979,Distribute Coins in Binary Tree,68.9%,Medium,0.2142119449152271, https://leetcode.com/problems/distribute-coins-in-binary-tree
417,Pacific Atlantic Water Flow,41.1%,Medium,0.2125614419836728, https://leetcode.com/problems/pacific-atlantic-water-flow
356,Line Reflection,31.8%,Medium,0.2124355370417375, https://leetcode.com/problems/line-reflection
832,Flipping an Image,76.2%,Easy,0.2120117109453655, https://leetcode.com/problems/flipping-an-image
1352,Product of the Last K Numbers,43.6%,Medium,0.2118708125416874, https://leetcode.com/problems/product-of-the-last-k-numbers
950,Reveal Cards In Increasing Order,74.6%,Medium,0.209366402429705, https://leetcode.com/problems/reveal-cards-in-increasing-order
741,Cherry Pickup,33.9%,Hard,0.2090917978585594, https://leetcode.com/problems/cherry-pickup
354,Russian Doll Envelopes,35.6%,Hard,0.2087413571758189, https://leetcode.com/problems/russian-doll-envelopes
41,First Missing Positive,32.0%,Hard,0.2082723048057042, https://leetcode.com/problems/first-missing-positive
952,Largest Component Size by Common Factor,30.3%,Hard,0.2069207158073224, https://leetcode.com/problems/largest-component-size-by-common-factor
208,Implement Trie (Prefix Tree),49.4%,Medium,0.2059371393159008, https://leetcode.com/problems/implement-trie-prefix-tree
604,Design Compressed String Iterator,37.5%,Easy,0.2058520542041487, https://leetcode.com/problems/design-compressed-string-iterator
1138,Alphabet Board Path,48.4%,Medium,0.2052631260363613, https://leetcode.com/problems/alphabet-board-path
146,LRU Cache,33.2%,Medium,0.2037051228192776, https://leetcode.com/problems/lru-cache
304,Range Sum Query 2D - Immutable,38.6%,Medium,0.2022615325778, https://leetcode.com/problems/range-sum-query-2d-immutable
332,Reconstruct Itinerary,36.7%,Medium,0.200166917113965, https://leetcode.com/problems/reconstruct-itinerary
568,Maximum Vacation Days,40.8%,Hard,0.199665670251927, https://leetcode.com/problems/maximum-vacation-days
44,Wildcard Matching,24.7%,Hard,0.1994783514238078, https://leetcode.com/problems/wildcard-matching
320,Generalized Abbreviation,52.1%,Medium,0.1993329026204912, https://leetcode.com/problems/generalized-abbreviation
817,Linked List Components,57.3%,Medium,0.1981769285837487, https://leetcode.com/problems/linked-list-components
10,Regular Expression Matching,26.8%,Hard,0.1973540517519673, https://leetcode.com/problems/regular-expression-matching
510,Inorder Successor in BST II,58.0%,Medium,0.1971425771387064, https://leetcode.com/problems/inorder-successor-in-bst-ii
1062,Longest Repeating Substring,57.2%,Medium,0.1962799090446615, https://leetcode.com/problems/longest-repeating-substring
894,All Possible Full Binary Trees,75.2%,Medium,0.1950265086992262, https://leetcode.com/problems/all-possible-full-binary-trees
1286,Iterator for Combination,68.2%,Medium,0.1950000150537256, https://leetcode.com/problems/iterator-for-combination
480,Sliding Window Median,37.2%,Hard,0.1942569073432273, https://leetcode.com/problems/sliding-window-median
274,H-Index,36.1%,Medium,0.1938037156879742, https://leetcode.com/problems/h-index
1131,Maximum of Absolute Value Expression,53.0%,Medium,0.1933193110034959, https://leetcode.com/problems/maximum-of-absolute-value-expression
418,Sentence Screen Fitting,32.6%,Medium,0.1933193110034959, https://leetcode.com/problems/sentence-screen-fitting
1161,Maximum Level Sum of a Binary Tree,72.2%,Medium,0.1921805853558574, https://leetcode.com/problems/maximum-level-sum-of-a-binary-tree
198,House Robber,42.0%,Easy,0.1920777317393193, https://leetcode.com/problems/house-robber
708,Insert into a Sorted Circular Linked List,31.6%,Medium,0.1915140049781188, https://leetcode.com/problems/insert-into-a-sorted-circular-linked-list
864,Shortest Path to Get All Keys,40.1%,Hard,0.1892419996385284, https://leetcode.com/problems/shortest-path-to-get-all-keys
549,Binary Tree Longest Consecutive Sequence II,47.0%,Medium,0.1884471502206373, https://leetcode.com/problems/binary-tree-longest-consecutive-sequence-ii
1312,Minimum Insertion Steps to Make a String Palindrome,58.1%,Hard,0.1874629562943733, https://leetcode.com/problems/minimum-insertion-steps-to-make-a-string-palindrome
840,Magic Squares In Grid,37.3%,Easy,0.1853336072639462, https://leetcode.com/problems/magic-squares-in-grid
1466,Reorder Routes to Make All Paths Lead to the City Zero,63.5%,Medium,0.1840036429769394, https://leetcode.com/problems/reorder-routes-to-make-all-paths-lead-to-the-city-zero
398,Random Pick Index,56.0%,Medium,0.1830653277467992, https://leetcode.com/problems/random-pick-index
380,Insert Delete GetRandom O(1),47.5%,Medium,0.1821981837754772, https://leetcode.com/problems/insert-delete-getrandom-o1
407,Trapping Rain Water II,42.4%,Hard,0.1794509376399947, https://leetcode.com/problems/trapping-rain-water-ii
460,LFU Cache,34.2%,Hard,0.1794347945215637, https://leetcode.com/problems/lfu-cache
163,Missing Ranges,24.3%,Medium,0.1790482314489854, https://leetcode.com/problems/missing-ranges
247,Strobogrammatic Number II,47.6%,Medium,0.1780493501129348, https://leetcode.com/problems/strobogrammatic-number-ii
986,Interval List Intersections,67.3%,Medium,0.176181937085256, https://leetcode.com/problems/interval-list-intersections
911,Online Election,50.4%,Medium,0.1741842396477574, https://leetcode.com/problems/online-election
277,Find the Celebrity,41.8%,Medium,0.1726035526308308, https://leetcode.com/problems/find-the-celebrity
440,K-th Smallest in Lexicographical Order,29.1%,Hard,0.1720973230180951, https://leetcode.com/problems/k-th-smallest-in-lexicographical-order
331,Verify Preorder Serialization of a Binary Tree,40.4%,Medium,0.171521939550249, https://leetcode.com/problems/verify-preorder-serialization-of-a-binary-tree
17,Letter Combinations of a Phone Number,46.8%,Medium,0.1709152567859493, https://leetcode.com/problems/letter-combinations-of-a-phone-number
424,Longest Repeating Character Replacement,47.0%,Medium,0.1706255170307633, https://leetcode.com/problems/longest-repeating-character-replacement
43,Multiply Strings,33.9%,Medium,0.1706165101720403, https://leetcode.com/problems/multiply-strings
940,Distinct Subsequences II,41.5%,Hard,0.1691787313547602, https://leetcode.com/problems/distinct-subsequences-ii
166,Fraction to Recurring Decimal,21.6%,Medium,0.168227793718095, https://leetcode.com/problems/fraction-to-recurring-decimal
935,Knight Dialer,45.2%,Medium,0.1670540846631662, https://leetcode.com/problems/knight-dialer
745,Prefix and Suffix Search,34.1%,Hard,0.1670540846631662, https://leetcode.com/problems/prefix-and-suffix-search
330,Patching Array,34.5%,Hard,0.1670540846631662, https://leetcode.com/problems/patching-array
805,Split Array With Same Average,26.4%,Hard,0.1663577058049405, https://leetcode.com/problems/split-array-with-same-average
529,Minesweeper,59.1%,Medium,0.1663577058049405, https://leetcode.com/problems/minesweeper
963,Minimum Area Rectangle II,50.9%,Medium,0.1663577058049405, https://leetcode.com/problems/minimum-area-rectangle-ii
1024,Video Stitching,49.2%,Medium,0.165820087900068, https://leetcode.com/problems/video-stitching
34,Find First and Last Position of Element in Sorted Array,36.2%,Medium,0.1653827613892866, https://leetcode.com/problems/find-first-and-last-position-of-element-in-sorted-array
15,3Sum,26.8%,Medium,0.1640862201935116, https://leetcode.com/problems/3sum
765,Couples Holding Hands,54.3%,Hard,0.1631093063721498, https://leetcode.com/problems/couples-holding-hands
895,Maximum Frequency Stack,60.6%,Hard,0.1629613095094132, https://leetcode.com/problems/maximum-frequency-stack
720,Longest Word in Dictionary,48.2%,Easy,0.1608272048999237, https://leetcode.com/problems/longest-word-in-dictionary
1155,Number of Dice Rolls With Target Sum,49.0%,Medium,0.1585032438261003, https://leetcode.com/problems/number-of-dice-rolls-with-target-sum
3,Longest Substring Without Repeating Characters,30.4%,Medium,0.1584062533025055, https://leetcode.com/problems/longest-substring-without-repeating-characters
721,Accounts Merge,48.8%,Medium,0.1583635011697376, https://leetcode.com/problems/accounts-merge
23,Merge k Sorted Lists,40.2%,Hard,0.1583032152924376, https://leetcode.com/problems/merge-k-sorted-lists
1165,Single-Row Keyboard,84.8%,Easy,0.1565690606915399, https://leetcode.com/problems/single-row-keyboard
335,Self Crossing,28.0%,Hard,0.1553504400191623, https://leetcode.com/problems/self-crossing
351,Android Unlock Patterns,48.4%,Medium,0.1552162100292965, https://leetcode.com/problems/android-unlock-patterns
432,All O`one Data Structure,32.4%,Hard,0.1487887366858729, https://leetcode.com/problems/all-oone-data-structure
386,Lexicographical Numbers,51.6%,Medium,0.1485427120329618, https://leetcode.com/problems/lexicographical-numbers
212,Word Search II,34.9%,Hard,0.1469519395427709, https://leetcode.com/problems/word-search-ii
360,Sort Transformed Array,48.8%,Medium,0.146245500320145, https://leetcode.com/problems/sort-transformed-array
288,Unique Word Abbreviation,21.9%,Medium,0.146245500320145, https://leetcode.com/problems/unique-word-abbreviation
149,Max Points on a Line,16.9%,Hard,0.1460315553887541, https://leetcode.com/problems/max-points-on-a-line
1483,Kth Ancestor of a Tree Node,27.6%,Hard,0.1458892734711229, https://leetcode.com/problems/kth-ancestor-of-a-tree-node
802,Find Eventual Safe States,48.9%,Medium,0.1458448673146461, https://leetcode.com/problems/find-eventual-safe-states
269,Alien Dictionary,33.3%,Hard,0.1457878134614986, https://leetcode.com/problems/alien-dictionary
1102,Path With Maximum Minimum Value,49.2%,Medium,0.1444815825552332, https://leetcode.com/problems/path-with-maximum-minimum-value
132,Palindrome Partitioning II,30.2%,Hard,0.1437602839646157, https://leetcode.com/problems/palindrome-partitioning-ii
518,Coin Change 2,50.2%,Medium,0.1436049711956188, https://leetcode.com/problems/coin-change-2
936,Stamping The Sequence,42.8%,Hard,0.1431008436406733, https://leetcode.com/problems/stamping-the-sequence
276,Paint Fence,38.3%,Easy,0.1424203400417686, https://leetcode.com/problems/paint-fence
318,Maximum Product of Word Lengths,51.2%,Medium,0.1421949439071094, https://leetcode.com/problems/maximum-product-of-word-lengths
692,Top K Frequent Words,51.8%,Medium,0.1421699439973855, https://leetcode.com/problems/top-k-frequent-words
690,Employee Importance,57.3%,Easy,0.1413182397573738, https://leetcode.com/problems/employee-importance
31,Next Permutation,32.6%,Medium,0.1399317139022695, https://leetcode.com/problems/next-permutation
91,Decode Ways,24.7%,Medium,0.1394625859891482, https://leetcode.com/problems/decode-ways
96,Unique Binary Search Trees,52.9%,Medium,0.1385096952360993, https://leetcode.com/problems/unique-binary-search-trees
279,Perfect Squares,47.4%,Medium,0.1381503384808171, https://leetcode.com/problems/perfect-squares
855,Exam Room,43.1%,Medium,0.1380442207962054, https://leetcode.com/problems/exam-room
702,Search in a Sorted Array of Unknown Size,66.9%,Medium,0.1378324745239132, https://leetcode.com/problems/search-in-a-sorted-array-of-unknown-size
250,Count Univalue Subtrees,52.0%,Medium,0.1376740912995332, https://leetcode.com/problems/count-univalue-subtrees
286,Walls and Gates,54.5%,Medium,0.1371257482272494, https://leetcode.com/problems/walls-and-gates
1209,Remove All Adjacent Duplicates in String II,56.9%,Medium,0.1371257482272494, https://leetcode.com/problems/remove-all-adjacent-duplicates-in-string-ii
99,Recover Binary Search Tree,39.7%,Hard,0.1363765523041528, https://leetcode.com/problems/recover-binary-search-tree
427,Construct Quad Tree,61.4%,Medium,0.1358015411590617, https://leetcode.com/problems/construct-quad-tree
932,Beautiful Array,58.3%,Medium,0.1344302690895397, https://leetcode.com/problems/beautiful-array
668,Kth Smallest Number in Multiplication Table,45.6%,Hard,0.1330864537962701, https://leetcode.com/problems/kth-smallest-number-in-multiplication-table
195,Tenth Line,33.0%,Easy,0.1329388000145885, https://leetcode.com/problems/tenth-line
420,Strong Password Checker,14.0%,Hard,0.1325466559619831, https://leetcode.com/problems/strong-password-checker
156,Binary Tree Upside Down,55.0%,Medium,0.1317692776311233, https://leetcode.com/problems/binary-tree-upside-down
307,Range Sum Query - Mutable,34.6%,Medium,0.1314916521599796, https://leetcode.com/problems/range-sum-query-mutable
139,Word Break,40.1%,Medium,0.1314440532234174, https://leetcode.com/problems/word-break
333,Largest BST Subtree,35.8%,Medium,0.1313840028291084, https://leetcode.com/problems/largest-bst-subtree
730,Count Different Palindromic Subsequences,41.8%,Hard,0.1313360020610869, https://leetcode.com/problems/count-different-palindromic-subsequences
66,Plus One,43.0%,Easy,0.1293156900748766, https://leetcode.com/problems/plus-one
361,Bomb Enemy,46.0%,Medium,0.1271551754852466, https://leetcode.com/problems/bomb-enemy
925,Long Pressed Name,40.5%,Easy,0.1263667793477749, https://leetcode.com/problems/long-pressed-name
968,Binary Tree Cameras,37.5%,Hard,0.125864220890004, https://leetcode.com/problems/binary-tree-cameras
764,Largest Plus Sign,46.0%,Medium,0.124772212534641, https://leetcode.com/problems/largest-plus-sign
246,Strobogrammatic Number,45.0%,Easy,0.1242869746736562, https://leetcode.com/problems/strobogrammatic-number
1218,Longest Arithmetic Subsequence of Given Difference,44.6%,Medium,0.1234441910911217, https://leetcode.com/problems/longest-arithmetic-subsequence-of-given-difference
228,Summary Ranges,39.5%,Medium,0.1207191114343526, https://leetcode.com/problems/summary-ranges
1504,Count Submatrices With All Ones,61.7%,Medium,0.1201744277884591, https://leetcode.com/problems/count-submatrices-with-all-ones
239,Sliding Window Maximum,43.0%,Hard,0.119455792132181, https://leetcode.com/problems/sliding-window-maximum
284,Peeking Iterator,45.7%,Medium,0.1190109982701197, https://leetcode.com/problems/peeking-iterator
904,Fruit Into Baskets,42.5%,Medium,0.1188481477339815, https://leetcode.com/problems/fruit-into-baskets
64,Minimum Path Sum,54.5%,Medium,0.1173048772402237, https://leetcode.com/problems/minimum-path-sum
1229,Meeting Scheduler,52.7%,Medium,0.1167126173264835, https://leetcode.com/problems/meeting-scheduler
776,Split BST,55.8%,Medium,0.1164103518444112, https://leetcode.com/problems/split-bst
948,Bag of Tokens,40.8%,Medium,0.1157359520346586, https://leetcode.com/problems/bag-of-tokens
425,Word Squares,47.7%,Hard,0.1154016771573168, https://leetcode.com/problems/word-squares
812,Largest Triangle Area,58.3%,Easy,0.1150693297847871, https://leetcode.com/problems/largest-triangle-area
487,Max Consecutive Ones II,48.5%,Medium,0.1147755145924281, https://leetcode.com/problems/max-consecutive-ones-ii
308,Range Sum Query 2D - Mutable,35.6%,Hard,0.1144103511777442, https://leetcode.com/problems/range-sum-query-2d-mutable
16,3Sum Closest,46.0%,Medium,0.1141040490082615, https://leetcode.com/problems/3sum-closest
806,Number of Lines To Write String,64.9%,Easy,0.1140836872303722, https://leetcode.com/problems/number-of-lines-to-write-string
45,Jump Game II,30.6%,Hard,0.1110994123268444, https://leetcode.com/problems/jump-game-ii
1188,Design Bounded Blocking Queue,70.5%,Medium,0.110304542014706, https://leetcode.com/problems/design-bounded-blocking-queue
33,Search in Rotated Sorted Array,34.5%,Medium,0.1101693809658871, https://leetcode.com/problems/search-in-rotated-sorted-array
1447,Simplified Fractions,61.0%,Medium,0.1090999130829226, https://leetcode.com/problems/simplified-fractions
834,Sum of Distances in Tree,43.7%,Hard,0.1090999130829226, https://leetcode.com/problems/sum-of-distances-in-tree
265,Paint House II,44.6%,Hard,0.1088028598487991, https://leetcode.com/problems/paint-house-ii
259,3Sum Smaller,47.6%,Medium,0.1081485037772375, https://leetcode.com/problems/3sum-smaller
768,Max Chunks To Make Sorted II,48.7%,Hard,0.1076306641923654, https://leetcode.com/problems/max-chunks-to-make-sorted-ii
152,Maximum Product Subarray,31.7%,Medium,0.1075305490598795, https://leetcode.com/problems/maximum-product-subarray
467,Unique Substrings in Wraparound String,35.6%,Medium,0.1073415549359644, https://leetcode.com/problems/unique-substrings-in-wraparound-string
115,Distinct Subsequences,38.3%,Hard,0.1068393370955994, https://leetcode.com/problems/distinct-subsequences
734,Sentence Similarity,42.1%,Easy,0.106767975425706, https://leetcode.com/problems/sentence-similarity
124,Binary Tree Maximum Path Sum,34.3%,Hard,0.106455464450165, https://leetcode.com/problems/binary-tree-maximum-path-sum
759,Employee Free Time,66.3%,Hard,0.1062318669297373, https://leetcode.com/problems/employee-free-time
249,Group Shifted Strings,55.1%,Medium,0.1061299886068485, https://leetcode.com/problems/group-shifted-strings
226,Invert Binary Tree,65.0%,Easy,0.1060230964340956, https://leetcode.com/problems/invert-binary-tree
392,Is Subsequence,49.2%,Easy,0.1060222459926442, https://leetcode.com/problems/is-subsequence
5,Longest Palindromic Substring,29.5%,Medium,0.1059935515994774, https://leetcode.com/problems/longest-palindromic-substring
159,Longest Substring with At Most Two Distinct Characters,49.4%,Medium,0.1045337276818322, https://leetcode.com/problems/longest-substring-with-at-most-two-distinct-characters
1000,Minimum Cost to Merge Stones,39.8%,Hard,0.1034513373880247, https://leetcode.com/problems/minimum-cost-to-merge-stones
773,Sliding Puzzle,59.3%,Hard,0.1029479692524423, https://leetcode.com/problems/sliding-puzzle
130,Surrounded Regions,28.1%,Medium,0.102859648090471, https://leetcode.com/problems/surrounded-regions
933,Number of Recent Calls,71.9%,Easy,0.1022456215614777, https://leetcode.com/problems/number-of-recent-calls
192,Word Frequency,25.8%,Medium,0.1018691733172172, https://leetcode.com/problems/word-frequency
63,Unique Paths II,34.6%,Medium,0.1018320928823336, https://leetcode.com/problems/unique-paths-ii
254,Factor Combinations,46.7%,Medium,0.1005872369051686, https://leetcode.com/problems/factor-combinations
748,Shortest Completing Word,56.7%,Easy,0.1003347148397113, https://leetcode.com/problems/shortest-completing-word
609,Find Duplicate File in System,59.5%,Medium,0.0989818335488509, https://leetcode.com/problems/find-duplicate-file-in-system
232,Implement Queue using Stacks,49.6%,Easy,0.0969020053477755, https://leetcode.com/problems/implement-queue-using-stacks
280,Wiggle Sort,63.8%,Medium,0.0956141773746854, https://leetcode.com/problems/wiggle-sort
524,Longest Word in Dictionary through Deleting,48.4%,Medium,0.0955126294456682, https://leetcode.com/problems/longest-word-in-dictionary-through-deleting
133,Clone Graph,34.8%,Medium,0.0953844491793822, https://leetcode.com/problems/clone-graph
583,Delete Operation for Two Strings,48.6%,Medium,0.0951085872222491, https://leetcode.com/problems/delete-operation-for-two-strings
807,Max Increase to Keep City Skyline,83.7%,Medium,0.0951085872222491, https://leetcode.com/problems/max-increase-to-keep-city-skyline
821,Shortest Distance to a Character,66.9%,Easy,0.0945088977101706, https://leetcode.com/problems/shortest-distance-to-a-character
348,Design Tic-Tac-Toe,54.3%,Medium,0.0935260580108234, https://leetcode.com/problems/design-tic-tac-toe
426,Convert Binary Search Tree to Sorted Doubly Linked List,59.1%,Medium,0.0935260580108234, https://leetcode.com/problems/convert-binary-search-tree-to-sorted-doubly-linked-list
87,Scramble String,33.7%,Hard,0.0933319397922191, https://leetcode.com/problems/scramble-string
352,Data Stream as Disjoint Intervals,47.3%,Hard,0.0928741250064437, https://leetcode.com/problems/data-stream-as-disjoint-intervals
827,Making A Large Island,45.7%,Hard,0.0928741250064437, https://leetcode.com/problems/making-a-large-island
794,Valid Tic-Tac-Toe State,32.6%,Medium,0.0922312242160336, https://leetcode.com/problems/valid-tic-tac-toe-state
447,Number of Boomerangs,51.8%,Easy,0.0915971690954032, https://leetcode.com/problems/number-of-boomerangs
236,Lowest Common Ancestor of a Binary Tree,45.7%,Medium,0.0913825929084002, https://leetcode.com/problems/lowest-common-ancestor-of-a-binary-tree
358,Rearrange String k Distance Apart,34.9%,Hard,0.0889474860164961, https://leetcode.com/problems/rearrange-string-k-distance-apart
474,Ones and Zeroes,42.8%,Medium,0.0882926071456783, https://leetcode.com/problems/ones-and-zeroes
686,Repeated String Match,32.3%,Easy,0.0875193780165565, https://leetcode.com/problems/repeated-string-match
282,Expression Add Operators,35.5%,Hard,0.0872011843357438, https://leetcode.com/problems/expression-add-operators
185,Department Top Three Salaries,34.5%,Hard,0.0859358315142996, https://leetcode.com/problems/department-top-three-salaries
150,Evaluate Reverse Polish Notation,36.3%,Medium,0.085230432618635, https://leetcode.com/problems/evaluate-reverse-polish-notation
564,Find the Closest Palindrome,19.7%,Hard,0.0840831172105414, https://leetcode.com/problems/find-the-closest-palindrome
582,Kill Process,60.8%,Medium,0.0835558856909735, https://leetcode.com/problems/kill-process
1245,Tree Diameter,60.1%,Medium,0.083381608939051, https://leetcode.com/problems/tree-diameter
1244,Design A Leaderboard,60.7%,Medium,0.0828631160135051, https://leetcode.com/problems/design-a-leaderboard
134,Gas Station,38.5%,Medium,0.0816913832187163, https://leetcode.com/problems/gas-station
636,Exclusive Time of Functions,51.9%,Medium,0.0815530661604696, https://leetcode.com/problems/exclusive-time-of-functions
887,Super Egg Drop,27.1%,Hard,0.0805444098879659, https://leetcode.com/problems/super-egg-drop
350,Intersection of Two Arrays II,51.4%,Easy,0.0802737415511618, https://leetcode.com/problems/intersection-of-two-arrays-ii
161,One Edit Distance,32.3%,Medium,0.0798296016524848, https://leetcode.com/problems/one-edit-distance
97,Interleaving String,31.5%,Hard,0.0794857154172425, https://leetcode.com/problems/interleaving-string
21,Merge Two Sorted Lists,53.5%,Easy,0.0781435534646636, https://leetcode.com/problems/merge-two-sorted-lists
830,Positions of Large Groups,49.6%,Easy,0.077759364699134, https://leetcode.com/problems/positions-of-large-groups
1143,Longest Common Subsequence,58.4%,Medium,0.076845987142806, https://leetcode.com/problems/longest-common-subsequence
778,Swim in Rising Water,53.1%,Hard,0.0765191498341962, https://leetcode.com/problems/swim-in-rising-water
852,Peak Index in a Mountain Array,71.6%,Easy,0.076372978784574, https://leetcode.com/problems/peak-index-in-a-mountain-array
215,Kth Largest Element in an Array,55.4%,Medium,0.0762004608854141, https://leetcode.com/problems/kth-largest-element-in-an-array
137,Single Number II,52.4%,Medium,0.0758398469469897, https://leetcode.com/problems/single-number-ii
1237,Find Positive Integer Solution for a Given Equation,69.7%,Easy,0.07536521894921, https://leetcode.com/problems/find-positive-integer-solution-for-a-given-equation
162,Find Peak Element,43.3%,Medium,0.0751426333944982, https://leetcode.com/problems/find-peak-element
705,Design HashSet,64.3%,Easy,0.0749726501150756, https://leetcode.com/problems/design-hashset
639,Decode Ways II,26.6%,Hard,0.0742455899892105, https://leetcode.com/problems/decode-ways-ii
787,Cheapest Flights Within K Stops,39.3%,Medium,0.0732592918006526, https://leetcode.com/problems/cheapest-flights-within-k-stops
273,Integer to English Words,27.1%,Hard,0.0732177031685638, https://leetcode.com/problems/integer-to-english-words
965,Univalued Binary Tree,67.7%,Easy,0.0726601848265394, https://leetcode.com/problems/univalued-binary-tree
84,Largest Rectangle in Histogram,35.2%,Hard,0.072641849784074, https://leetcode.com/problems/largest-rectangle-in-histogram
1366,Rank Teams by Votes,53.8%,Medium,0.0722335573593715, https://leetcode.com/problems/rank-teams-by-votes
450,Delete Node in a BST,43.1%,Medium,0.0721683668237104, https://leetcode.com/problems/delete-node-in-a-bst
505,The Maze II,47.7%,Medium,0.0713314780054297, https://leetcode.com/problems/the-maze-ii
438,Find All Anagrams in a String,43.3%,Medium,0.0708678975121801, https://leetcode.com/problems/find-all-anagrams-in-a-string
1300,Sum of Mutated Array Closest to Target,44.2%,Medium,0.0700812082531837, https://leetcode.com/problems/sum-of-mutated-array-closest-to-target
676,Implement Magic Dictionary,54.5%,Medium,0.0699585886069103, https://leetcode.com/problems/implement-magic-dictionary
706,Design HashMap,61.3%,Easy,0.0683442674369718, https://leetcode.com/problems/design-hashmap
657,Robot Return to Origin,73.5%,Easy,0.0682567654544491, https://leetcode.com/problems/robot-return-to-origin
168,Excel Sheet Column Title,31.1%,Easy,0.0676504718923617, https://leetcode.com/problems/excel-sheet-column-title
504,Base 7,46.2%,Easy,0.0675932911325281, https://leetcode.com/problems/base-7
20,Valid Parentheses,39.0%,Easy,0.0673524026442898, https://leetcode.com/problems/valid-parentheses
316,Remove Duplicate Letters,35.8%,Hard,0.067239661116769, https://leetcode.com/problems/remove-duplicate-letters
105,Construct Binary Tree from Preorder and Inorder Traversal,48.8%,Medium,0.0668552231211173, https://leetcode.com/problems/construct-binary-tree-from-preorder-and-inorder-traversal
46,Permutations,63.5%,Medium,0.0654161859457713, https://leetcode.com/problems/permutations
747,Largest Number At Least Twice of Others,42.0%,Easy,0.0648175000764708, https://leetcode.com/problems/largest-number-at-least-twice-of-others
769,Max Chunks To Make Sorted,54.8%,Medium,0.0647475293941581, https://leetcode.com/problems/max-chunks-to-make-sorted
1105,Filling Bookcase Shelves,58.1%,Medium,0.0646428562620854, https://leetcode.com/problems/filling-bookcase-shelves
188,Best Time to Buy and Sell Stock IV,28.0%,Hard,0.0644864798167507, https://leetcode.com/problems/best-time-to-buy-and-sell-stock-iv
1021,Remove Outermost Parentheses,78.0%,Easy,0.0641759864985951, https://leetcode.com/problems/remove-outermost-parentheses
554,Brick Wall,50.0%,Medium,0.0639195177132874, https://leetcode.com/problems/brick-wall
1029,Two City Scheduling,56.1%,Easy,0.0637158143861076, https://leetcode.com/problems/two-city-scheduling
36,Valid Sudoku,48.7%,Medium,0.0635021985093634, https://leetcode.com/problems/valid-sudoku
543,Diameter of Binary Tree,48.4%,Easy,0.0631327589456553, https://leetcode.com/problems/diameter-of-binary-tree
1044,Longest Duplicate Substring,31.9%,Hard,0.0623254631978287, https://leetcode.com/problems/longest-duplicate-substring
400,Nth Digit,31.7%,Medium,0.0620353909194526, https://leetcode.com/problems/nth-digit
297,Serialize and Deserialize Binary Tree,47.5%,Hard,0.061960627359177, https://leetcode.com/problems/serialize-and-deserialize-binary-tree
165,Compare Version Numbers,27.4%,Medium,0.0617241785953268, https://leetcode.com/problems/compare-version-numbers
811,Subdomain Visit Count,69.9%,Easy,0.0613271156985035, https://leetcode.com/problems/subdomain-visit-count
498,Diagonal Traverse,48.2%,Medium,0.0609945127028419, https://leetcode.com/problems/diagonal-traverse
49,Group Anagrams,56.9%,Medium,0.0591943474367346, https://leetcode.com/problems/group-anagrams
685,Redundant Connection II,32.4%,Hard,0.0591013922759133, https://leetcode.com/problems/redundant-connection-ii
630,Course Schedule III,33.5%,Hard,0.0585819016248023, https://leetcode.com/problems/course-schedule-iii
475,Heaters,33.1%,Easy,0.058155920157074, https://leetcode.com/problems/heaters
373,Find K Pairs with Smallest Sums,36.7%,Medium,0.058155920157074, https://leetcode.com/problems/find-k-pairs-with-smallest-sums
78,Subsets,62.0%,Medium,0.0574303307274061, https://leetcode.com/problems/subsets
1233,Remove Sub-Folders from the Filesystem,59.5%,Medium,0.0570768311354367, https://leetcode.com/problems/remove-sub-folders-from-the-filesystem
890,Find and Replace Pattern,73.4%,Medium,0.0568334747631659, https://leetcode.com/problems/find-and-replace-pattern
210,Course Schedule II,40.7%,Medium,0.0561841184345839, https://leetcode.com/problems/course-schedule-ii
421,Maximum XOR of Two Numbers in an Array,53.5%,Medium,0.0555698511548107, https://leetcode.com/problems/maximum-xor-of-two-numbers-in-an-array
366,Find Leaves of Binary Tree,70.6%,Medium,0.0552626786750494, https://leetcode.com/problems/find-leaves-of-binary-tree
30,Substring with Concatenation of All Words,25.4%,Hard,0.0550934905408248, https://leetcode.com/problems/substring-with-concatenation-of-all-words
202,Happy Number,50.4%,Easy,0.0550345192362445, https://leetcode.com/problems/happy-number
713,Subarray Product Less Than K,39.1%,Medium,0.0548249343309558, https://leetcode.com/problems/subarray-product-less-than-k
839,Similar String Groups,38.6%,Hard,0.054808236494995, https://leetcode.com/problems/similar-string-groups
735,Asteroid Collision,41.0%,Medium,0.0547915488296824, https://leetcode.com/problems/asteroid-collision
310,Minimum Height Trees,32.3%,Medium,0.0542301540608602, https://leetcode.com/problems/minimum-height-trees
714,Best Time to Buy and Sell Stock with Transaction Fee,54.7%,Medium,0.0537763967808041, https://leetcode.com/problems/best-time-to-buy-and-sell-stock-with-transaction-fee
477,Total Hamming Distance,50.4%,Medium,0.0537763967808041, https://leetcode.com/problems/total-hamming-distance
836,Rectangle Overlap,48.6%,Easy,0.0537121935905255, https://leetcode.com/problems/rectangle-overlap
719,Find K-th Smallest Pair Distance,31.5%,Hard,0.053704178971861, https://leetcode.com/problems/find-k-th-smallest-pair-distance
1095,Find in Mountain Array,35.8%,Hard,0.0535603238337368, https://leetcode.com/problems/find-in-mountain-array
94,Binary Tree Inorder Traversal,63.3%,Medium,0.0523765588981687, https://leetcode.com/problems/binary-tree-inorder-traversal
14,Longest Common Prefix,35.4%,Easy,0.0518460641730158, https://leetcode.com/problems/longest-common-prefix
780,Reaching Points,29.4%,Hard,0.0514914253527662, https://leetcode.com/problems/reaching-points
1047,Remove All Adjacent Duplicates In String,68.6%,Easy,0.051243999712187, https://leetcode.com/problems/remove-all-adjacent-duplicates-in-string
1424,Diagonal Traverse II,42.4%,Medium,0.0512275892066733, https://leetcode.com/problems/diagonal-traverse-ii
65,Valid Number,15.3%,Hard,0.0507150925790164, https://leetcode.com/problems/valid-number
382,Linked List Random Node,52.1%,Medium,0.0504520609603886, https://leetcode.com/problems/linked-list-random-node
219,Contains Duplicate II,37.7%,Easy,0.0501201040595723, https://leetcode.com/problems/contains-duplicate-ii
449,Serialize and Deserialize BST,52.0%,Medium,0.0498442040772913, https://leetcode.com/problems/serialize-and-deserialize-bst
695,Max Area of Island,62.7%,Medium,0.0498079914241725, https://leetcode.com/problems/max-area-of-island
77,Combinations,54.7%,Medium,0.0492862294798369, https://leetcode.com/problems/combinations
1267,Count Servers that Communicate,57.9%,Medium,0.0490294272403186, https://leetcode.com/problems/count-servers-that-communicate
388,Longest Absolute File Path,41.8%,Medium,0.0484943499386104, https://leetcode.com/problems/longest-absolute-file-path
287,Find the Duplicate Number,55.5%,Medium,0.0484551788957988, https://leetcode.com/problems/find-the-duplicate-number
958,Check Completeness of a Binary Tree,52.1%,Medium,0.0483185772708077, https://leetcode.com/problems/check-completeness-of-a-binary-tree
949,Largest Time for Given Digits,35.8%,Easy,0.0481440744579612, https://leetcode.com/problems/largest-time-for-given-digits
841,Keys and Rooms,64.3%,Medium,0.0475776832077559, https://leetcode.com/problems/keys-and-rooms
9,Palindrome Number,48.4%,Easy,0.0475325234750247, https://leetcode.com/problems/palindrome-number
486,Predict the Winner,47.9%,Medium,0.047122970130097, https://leetcode.com/problems/predict-the-winner
328,Odd Even Linked List,55.7%,Medium,0.0468425836276117, https://leetcode.com/problems/odd-even-linked-list
689,Maximum Sum of 3 Non-Overlapping Subarrays,46.3%,Hard,0.0462510176507556, https://leetcode.com/problems/maximum-sum-of-3-non-overlapping-subarrays
81,Search in Rotated Sorted Array II,33.0%,Medium,0.0459586908937998, https://leetcode.com/problems/search-in-rotated-sorted-array-ii
357,Count Numbers with Unique Digits,48.4%,Medium,0.0459322988974351, https://leetcode.com/problems/count-numbers-with-unique-digits
378,Kth Smallest Element in a Sorted Matrix,54.3%,Medium,0.0457484003931282, https://leetcode.com/problems/kth-smallest-element-in-a-sorted-matrix
987,Vertical Order Traversal of a Binary Tree,36.6%,Medium,0.0456179434610163, https://leetcode.com/problems/vertical-order-traversal-of-a-binary-tree
1099,Two Sum Less Than K,60.6%,Easy,0.0451034733345947, https://leetcode.com/problems/two-sum-less-than-k
117,Populating Next Right Pointers in Each Node II,39.1%,Medium,0.0448003247553662, https://leetcode.com/problems/populating-next-right-pointers-in-each-node-ii
733,Flood Fill,55.3%,Easy,0.0441329202111518, https://leetcode.com/problems/flood-fill
347,Top K Frequent Elements,61.2%,Medium,0.0439926984716056, https://leetcode.com/problems/top-k-frequent-elements
525,Contiguous Array,42.8%,Medium,0.0439094926155685, https://leetcode.com/problems/contiguous-array
1122,Relative Sort Array,67.7%,Easy,0.0437600202172666, https://leetcode.com/problems/relative-sort-array
980,Unique Paths III,73.3%,Hard,0.0434851119397388, https://leetcode.com/problems/unique-paths-iii
110,Balanced Binary Tree,43.5%,Easy,0.0431324404495731, https://leetcode.com/problems/balanced-binary-tree
493,Reverse Pairs,25.2%,Hard,0.0431101236537285, https://leetcode.com/problems/reverse-pairs
881,Boats to Save People,46.8%,Medium,0.0431101236537285, https://leetcode.com/problems/boats-to-save-people
268,Missing Number,51.7%,Easy,0.0430894805381036, https://leetcode.com/problems/missing-number
490,The Maze,51.4%,Medium,0.0428790230592336, https://leetcode.com/problems/the-maze
716,Max Stack,42.6%,Easy,0.0426959191964894, https://leetcode.com/problems/max-stack
662,Maximum Width of Binary Tree,41.0%,Medium,0.0424805045181506, https://leetcode.com/problems/maximum-width-of-binary-tree
674,Longest Continuous Increasing Subsequence,45.9%,Easy,0.0422598092898826, https://leetcode.com/problems/longest-continuous-increasing-subsequence
121,Best Time to Buy and Sell Stock,50.5%,Easy,0.0421542274181919, https://leetcode.com/problems/best-time-to-buy-and-sell-stock
535,Encode and Decode TinyURL,79.9%,Medium,0.0419788813386612, https://leetcode.com/problems/encode-and-decode-tinyurl
169,Majority Element,58.7%,Easy,0.0415812297569449, https://leetcode.com/problems/majority-element
647,Palindromic Substrings,60.6%,Medium,0.0409683507725418, https://leetcode.com/problems/palindromic-substrings
290,Word Pattern,37.0%,Easy,0.040933408926253, https://leetcode.com/problems/word-pattern
243,Shortest Word Distance,61.0%,Easy,0.040780370344928, https://leetcode.com/problems/shortest-word-distance
1235,Maximum Profit in Job Scheduling,44.0%,Hard,0.0405735164471665, https://leetcode.com/problems/maximum-profit-in-job-scheduling
54,Spiral Matrix,34.1%,Medium,0.0405176147578357, https://leetcode.com/problems/spiral-matrix
314,Binary Tree Vertical Order Traversal,45.3%,Medium,0.0400766009270338, https://leetcode.com/problems/binary-tree-vertical-order-traversal
1167,Minimum Cost to Connect Sticks,62.8%,Medium,0.0393751652348301, https://leetcode.com/problems/minimum-cost-to-connect-sticks
872,Leaf-Similar Trees,64.5%,Easy,0.0389997430938251, https://leetcode.com/problems/leaf-similar-trees
230,Kth Smallest Element in a BST,60.2%,Medium,0.0389578713428051, https://leetcode.com/problems/kth-smallest-element-in-a-bst
241,Different Ways to Add Parentheses,55.2%,Medium,0.0388021518564797, https://leetcode.com/problems/different-ways-to-add-parentheses
682,Baseball Game,63.7%,Easy,0.0387270078852921, https://leetcode.com/problems/baseball-game
942,DI String Match,72.6%,Easy,0.0386521544342791, https://leetcode.com/problems/di-string-match
22,Generate Parentheses,62.7%,Medium,0.0385817247510386, https://leetcode.com/problems/generate-parentheses
688,Knight Probability in Chessboard,48.9%,Medium,0.0381725735050297, https://leetcode.com/problems/knight-probability-in-chessboard
909,Snakes and Ladders,38.4%,Medium,0.0381725735050297, https://leetcode.com/problems/snakes-and-ladders
389,Find the Difference,55.3%,Easy,0.0378037455558777, https://leetcode.com/problems/find-the-difference
863,All Nodes Distance K in Binary Tree,55.4%,Medium,0.0377561624179934, https://leetcode.com/problems/all-nodes-distance-k-in-binary-tree
992,Subarrays with K Different Integers,48.6%,Hard,0.0370069981086968, https://leetcode.com/problems/subarrays-with-k-different-integers
658,Find K Closest Elements,40.9%,Medium,0.036995587676595, https://leetcode.com/problems/find-k-closest-elements
643,Maximum Average Subarray I,41.5%,Easy,0.0368365773564902, https://leetcode.com/problems/maximum-average-subarray-i
206,Reverse Linked List,62.5%,Easy,0.0367963328605815, https://leetcode.com/problems/reverse-linked-list
934,Shortest Bridge,48.2%,Medium,0.0360724412167015, https://leetcode.com/problems/shortest-bridge
875,Koko Eating Bananas,52.1%,Medium,0.0359751024582779, https://leetcode.com/problems/koko-eating-bananas
322,Coin Change,35.5%,Medium,0.0356968299720654, https://leetcode.com/problems/coin-change
1254,Number of Closed Islands,60.5%,Medium,0.0354019270509159, https://leetcode.com/problems/number-of-closed-islands
238,Product of Array Except Self,60.1%,Medium,0.0348298725805272, https://leetcode.com/problems/product-of-array-except-self
1325,Delete Leaves With a Given Value,73.0%,Medium,0.0347861160854155, https://leetcode.com/problems/delete-leaves-with-a-given-value
701,Insert into a Binary Search Tree,77.7%,Medium,0.0345922269359146, https://leetcode.com/problems/insert-into-a-binary-search-tree
468,Validate IP Address,24.1%,Medium,0.0344861760711693, https://leetcode.com/problems/validate-ip-address
886,Possible Bipartition,44.2%,Medium,0.034103901828857, https://leetcode.com/problems/possible-bipartition
384,Shuffle an Array,52.8%,Medium,0.0339911878170335, https://leetcode.com/problems/shuffle-an-array
12,Integer to Roman,55.1%,Medium,0.0337015888109755, https://leetcode.com/problems/integer-to-roman
1079,Letter Tile Possibilities,75.4%,Medium,0.0333364202675918, https://leetcode.com/problems/letter-tile-possibilities
567,Permutation in String,44.4%,Medium,0.0333240757315918, https://leetcode.com/problems/permutation-in-string
79,Word Search,35.6%,Medium,0.0331820882143618, https://leetcode.com/problems/word-search
989,Add to Array-Form of Integer,44.2%,Easy,0.0326826474303584, https://leetcode.com/problems/add-to-array-form-of-integer
300,Longest Increasing Subsequence,42.6%,Medium,0.0324577369374207, https://leetcode.com/problems/longest-increasing-subsequence
301,Remove Invalid Parentheses,43.3%,Hard,0.0322608622182214, https://leetcode.com/problems/remove-invalid-parentheses
109,Convert Sorted List to Binary Search Tree,47.7%,Medium,0.0322031404946347, https://leetcode.com/problems/convert-sorted-list-to-binary-search-tree
1091,Shortest Path in Binary Matrix,38.2%,Medium,0.0316482109507817, https://leetcode.com/problems/shortest-path-in-binary-matrix
1123,Lowest Common Ancestor of Deepest Leaves,66.8%,Medium,0.0314738803797313, https://leetcode.com/problems/lowest-common-ancestor-of-deepest-leaves
404,Sum of Left Leaves,50.9%,Easy,0.0311875588567044, https://leetcode.com/problems/sum-of-left-leaves
814,Binary Tree Pruning,74.5%,Medium,0.0311309185951731, https://leetcode.com/problems/binary-tree-pruning
443,String Compression,41.3%,Easy,0.0310262735631005, https://leetcode.com/problems/string-compression
55,Jump Game,34.6%,Medium,0.0309852523818078, https://leetcode.com/problems/jump-game
38,Count and Say,44.6%,Easy,0.0309562346634671, https://leetcode.com/problems/count-and-say
724,Find Pivot Index,44.0%,Easy,0.0308984415512341, https://leetcode.com/problems/find-pivot-index
1179,Reformat Department Table,80.6%,Easy,0.0306537410910024, https://leetcode.com/problems/reformat-department-table
207,Course Schedule,43.1%,Medium,0.0306283894901178, https://leetcode.com/problems/course-schedule
175,Combine Two Tables,60.8%,Easy,0.0304379594320434, https://leetcode.com/problems/combine-two-tables
1027,Longest Arithmetic Sequence,53.4%,Medium,0.0303053494953289, https://leetcode.com/problems/longest-arithmetic-sequence
1192,Critical Connections in a Network,48.6%,Hard,0.0301833778230985, https://leetcode.com/problems/critical-connections-in-a-network
240,Search a 2D Matrix II,43.2%,Medium,0.0299928761240394, https://leetcode.com/problems/search-a-2d-matrix-ii
501,Find Mode in Binary Search Tree,42.4%,Easy,0.029808466297826, https://leetcode.com/problems/find-mode-in-binary-search-tree
581,Shortest Unsorted Continuous Subarray,31.1%,Easy,0.0297739492431925, https://leetcode.com/problems/shortest-unsorted-continuous-subarray
419,Battleships in a Board,70.0%,Medium,0.0296757681461166, https://leetcode.com/problems/battleships-in-a-board
120,Triangle,44.2%,Medium,0.0295393975139053, https://leetcode.com/problems/triangle
452,Minimum Number of Arrows to Burst Balloons,49.6%,Medium,0.0294789216267116, https://leetcode.com/problems/minimum-number-of-arrows-to-burst-balloons
157,Read N Characters Given Read4,34.2%,Easy,0.0294355321021293, https://leetcode.com/problems/read-n-characters-given-read4
456,132 Pattern,28.9%,Medium,0.0293061265854993, https://leetcode.com/problems/132-pattern
665,Non-decreasing Array,19.5%,Easy,0.0290530440626897, https://leetcode.com/problems/non-decreasing-array
779,K-th Symbol in Grammar,37.2%,Medium,0.0290506994220926, https://leetcode.com/problems/k-th-symbol-in-grammar
116,Populating Next Right Pointers in Each Node,45.2%,Medium,0.0290296146751141, https://leetcode.com/problems/populating-next-right-pointers-in-each-node
324,Wiggle Sort II,29.9%,Medium,0.0289875368732522, https://leetcode.com/problems/wiggle-sort-ii
917,Reverse Only Letters,58.0%,Easy,0.0286552557603761, https://leetcode.com/problems/reverse-only-letters
129,Sum Root to Leaf Numbers,49.1%,Medium,0.0284379353205335, https://leetcode.com/problems/sum-root-to-leaf-numbers
709,To Lower Case,79.3%,Easy,0.0278053130803368, https://leetcode.com/problems/to-lower-case
311,Sparse Matrix Multiplication,61.9%,Medium,0.0277026025493357, https://leetcode.com/problems/sparse-matrix-multiplication
227,Basic Calculator II,36.9%,Medium,0.027685557859864, https://leetcode.com/problems/basic-calculator-ii
472,Concatenated Words,43.7%,Hard,0.0276642814723555, https://leetcode.com/problems/concatenated-words
19,Remove Nth Node From End of List,35.2%,Medium,0.0273531716760468, https://leetcode.com/problems/remove-nth-node-from-end-of-list
448,Find All Numbers Disappeared in an Array,55.9%,Easy,0.0271755853789647, https://leetcode.com/problems/find-all-numbers-disappeared-in-an-array
343,Integer Break,50.4%,Medium,0.0271571339689074, https://leetcode.com/problems/integer-break
118,Pascal's Triangle,52.5%,Easy,0.0267306259446584, https://leetcode.com/problems/pascals-triangle
931,Minimum Falling Path Sum,62.5%,Medium,0.0267216968171524, https://leetcode.com/problems/minimum-falling-path-sum
119,Pascal's Triangle II,49.0%,Easy,0.0265659070375934, https://leetcode.com/problems/pascals-triangle-ii
783,Minimum Distance Between BST Nodes,52.6%,Easy,0.0261966519465706, https://leetcode.com/problems/minimum-distance-between-bst-nodes
442,Find All Duplicates in an Array,67.8%,Medium,0.0260808755527924, https://leetcode.com/problems/find-all-duplicates-in-an-array
403,Frog Jump,39.7%,Hard,0.0259249775263148, https://leetcode.com/problems/frog-jump
143,Reorder List,37.1%,Medium,0.0258709455986492, https://leetcode.com/problems/reorder-list
283,Move Zeroes,57.8%,Easy,0.025673520193393, https://leetcode.com/problems/move-zeroes
312,Burst Balloons,51.8%,Hard,0.0255278699533429, https://leetcode.com/problems/burst-balloons
541,Reverse String II,48.4%,Easy,0.0253498998955264, https://leetcode.com/problems/reverse-string-ii
717,1-bit and 2-bit Characters,48.8%,Easy,0.0252698221880763, https://leetcode.com/problems/1-bit-and-2-bit-characters
785,Is Graph Bipartite?,47.5%,Medium,0.0251059211310763, https://leetcode.com/problems/is-graph-bipartite
849,Maximize Distance to Closest Person,42.6%,Easy,0.0250639686632162, https://leetcode.com/problems/maximize-distance-to-closest-person
148,Sort List,42.3%,Medium,0.0250360781613248, https://leetcode.com/problems/sort-list
941,Valid Mountain Array,33.2%,Easy,0.0248906655257877, https://leetcode.com/problems/valid-mountain-array
220,Contains Duplicate III,20.9%,Medium,0.0248769047554045, https://leetcode.com/problems/contains-duplicate-iii
409,Longest Palindrome,50.3%,Easy,0.0248614420653291, https://leetcode.com/problems/longest-palindrome
104,Maximum Depth of Binary Tree,66.0%,Easy,0.0248151691197239, https://leetcode.com/problems/maximum-depth-of-binary-tree
983,Minimum Cost For Tickets,60.5%,Medium,0.0246773780933762, https://leetcode.com/problems/minimum-cost-for-tickets
463,Island Perimeter,65.7%,Easy,0.0244378167274142, https://leetcode.com/problems/island-perimeter
804,Unique Morse Code Words,77.0%,Easy,0.0243321006595306, https://leetcode.com/problems/unique-morse-code-words
395,Longest Substring with At Least K Repeating Characters,41.4%,Medium,0.0242289259743798, https://leetcode.com/problems/longest-substring-with-at-least-k-repeating-characters
687,Longest Univalue Path,36.2%,Easy,0.0235028444547827, https://leetcode.com/problems/longest-univalue-path
8,String to Integer (atoi),15.4%,Medium,0.0234708483455069, https://leetcode.com/problems/string-to-integer-atoi
326,Power of Three,42.1%,Easy,0.0233413086327962, https://leetcode.com/problems/power-of-three
252,Meeting Rooms,54.6%,Easy,0.0233246725664089, https://leetcode.com/problems/meeting-rooms
92,Reverse Linked List II,38.8%,Medium,0.0233110788684471, https://leetcode.com/problems/reverse-linked-list-ii
791,Custom Sort String,65.7%,Medium,0.0232839389540447, https://leetcode.com/problems/custom-sort-string
414,Third Maximum Number,30.5%,Easy,0.0231551379385552, https://leetcode.com/problems/third-maximum-number
766,Toeplitz Matrix,65.1%,Easy,0.0228060055290376, https://leetcode.com/problems/toeplitz-matrix
678,Valid Parenthesis String,31.0%,Medium,0.0227153435214726, https://leetcode.com/problems/valid-parenthesis-string
216,Combination Sum III,56.6%,Medium,0.022612608490117, https://leetcode.com/problems/combination-sum-iii
622,Design Circular Queue,43.8%,Medium,0.0224602366797499, https://leetcode.com/problems/design-circular-queue
285,Inorder Successor in BST,40.4%,Medium,0.0223348201005798, https://leetcode.com/problems/inorder-successor-in-bst
108,Convert Sorted Array to Binary Search Tree,57.9%,Easy,0.0220333892707514, https://leetcode.com/problems/convert-sorted-array-to-binary-search-tree
113,Path Sum II,46.7%,Medium,0.0218827112495076, https://leetcode.com/problems/path-sum-ii
278,First Bad Version,35.7%,Easy,0.0213940503666257, https://leetcode.com/problems/first-bad-version
698,Partition to K Equal Sum Subsets,45.0%,Medium,0.0210978289646358, https://leetcode.com/problems/partition-to-k-equal-sum-subsets
74,Search a 2D Matrix,36.5%,Medium,0.0208969758772161, https://leetcode.com/problems/search-a-2d-matrix
377,Combination Sum IV,45.3%,Medium,0.0208775850215552, https://leetcode.com/problems/combination-sum-iv
654,Maximum Binary Tree,79.9%,Medium,0.0206086634277896, https://leetcode.com/problems/maximum-binary-tree
60,Permutation Sequence,38.4%,Hard,0.0204715439801872, https://leetcode.com/problems/permutation-sequence
1026,Maximum Difference Between Node and Ancestor,66.0%,Medium,0.0201011793210872, https://leetcode.com/problems/maximum-difference-between-node-and-ancestor
341,Flatten Nested List Iterator,52.9%,Medium,0.0199806846904834, https://leetcode.com/problems/flatten-nested-list-iterator
435,Non-overlapping Intervals,42.9%,Medium,0.0194558666153658, https://leetcode.com/problems/non-overlapping-intervals
1089,Duplicate Zeros,52.9%,Easy,0.0193971598827351, https://leetcode.com/problems/duplicate-zeros
540,Single Element in a Sorted Array,57.9%,Medium,0.0192128868599912, https://leetcode.com/problems/single-element-in-a-sorted-array
669,Trim a Binary Search Tree,63.0%,Easy,0.0191393402106974, https://leetcode.com/problems/trim-a-binary-search-tree
229,Majority Element II,35.6%,Medium,0.0190572704102861, https://leetcode.com/problems/majority-element-ii
503,Next Greater Element II,56.5%,Medium,0.0188595877446823, https://leetcode.com/problems/next-greater-element-ii
88,Merge Sorted Array,39.4%,Easy,0.0186670095933563, https://leetcode.com/problems/merge-sorted-array
901,Online Stock Span,60.2%,Medium,0.0186225120980018, https://leetcode.com/problems/online-stock-span
37,Sudoku Solver,43.6%,Hard,0.0182154398913411, https://leetcode.com/problems/sudoku-solver
234,Palindrome Linked List,39.3%,Easy,0.0180124198964555, https://leetcode.com/problems/palindrome-linked-list
542,01 Matrix,39.8%,Medium,0.0179699354849407, https://leetcode.com/problems/01-matrix
136,Single Number,65.5%,Easy,0.0178016663368262, https://leetcode.com/problems/single-number
406,Queue Reconstruction by Height,66.9%,Medium,0.0177466946813353, https://leetcode.com/problems/queue-reconstruction-by-height
289,Game of Life,54.5%,Medium,0.0173239499317743, https://leetcode.com/problems/game-of-life
270,Closest Binary Search Tree Value,48.5%,Easy,0.0171237060785914, https://leetcode.com/problems/closest-binary-search-tree-value
415,Add Strings,47.5%,Easy,0.0169911582472193, https://leetcode.com/problems/add-strings
145,Binary Tree Postorder Traversal,55.0%,Hard,0.016829118200097, https://leetcode.com/problems/binary-tree-postorder-traversal
140,Word Break II,32.6%,Hard,0.0168003413891078, https://leetcode.com/problems/word-break-ii
997,Find the Town Judge,50.1%,Easy,0.0167789171291093, https://leetcode.com/problems/find-the-town-judge
191,Number of 1 Bits,49.8%,Easy,0.0167352362404584, https://leetcode.com/problems/number-of-1-bits
176,Second Highest Salary,31.6%,Easy,0.0165597160390183, https://leetcode.com/problems/second-highest-salary
242,Valid Anagram,56.9%,Easy,0.0165139473756747, https://leetcode.com/problems/valid-anagram
51,N-Queens,46.6%,Hard,0.0163938097756764, https://leetcode.com/problems/n-queens
680,Valid Palindrome II,36.6%,Easy,0.0163254124586088, https://leetcode.com/problems/valid-palindrome-ii
349,Intersection of Two Arrays,62.5%,Easy,0.0162399815984884, https://leetcode.com/problems/intersection-of-two-arrays
334,Increasing Triplet Subsequence,40.0%,Medium,0.0160581531689749, https://leetcode.com/problems/increasing-triplet-subsequence
1365,How Many Numbers Are Smaller Than the Current Number,85.6%,Easy,0.0159267213670781, https://leetcode.com/problems/how-many-numbers-are-smaller-than-the-current-number
204,Count Primes,31.5%,Easy,0.0158426126394895, https://leetcode.com/problems/count-primes
59,Spiral Matrix II,53.9%,Medium,0.0157918796978916, https://leetcode.com/problems/spiral-matrix-ii
374,Guess Number Higher or Lower,43.1%,Easy,0.0153553880831946, https://leetcode.com/problems/guess-number-higher-or-lower
1025,Divisor Game,66.3%,Easy,0.0150152971199955, https://leetcode.com/problems/divisor-game
367,Valid Perfect Square,41.7%,Easy,0.0149927845861413, https://leetcode.com/problems/valid-perfect-square
153,Find Minimum in Rotated Sorted Array,45.1%,Medium,0.0149395869161867, https://leetcode.com/problems/find-minimum-in-rotated-sorted-array
80,Remove Duplicates from Sorted Array II,44.0%,Medium,0.0148150857851406, https://leetcode.com/problems/remove-duplicates-from-sorted-array-ii
142,Linked List Cycle II,37.3%,Medium,0.0147109550646678, https://leetcode.com/problems/linked-list-cycle-ii
177,Nth Highest Salary,31.4%,Medium,0.0143732262413717, https://leetcode.com/problems/nth-highest-salary
371,Sum of Two Integers,50.7%,Medium,0.0140649294674035, https://leetcode.com/problems/sum-of-two-integers
345,Reverse Vowels of a String,44.2%,Easy,0.0139472274808504, https://leetcode.com/problems/reverse-vowels-of-a-string
24,Swap Nodes in Pairs,50.4%,Medium,0.013945066390122, https://leetcode.com/problems/swap-nodes-in-pairs
131,Palindrome Partitioning,47.5%,Medium,0.0139035955385773, https://leetcode.com/problems/palindrome-partitioning
703,Kth Largest Element in a Stream,49.7%,Easy,0.0138987643908149, https://leetcode.com/problems/kth-largest-element-in-a-stream
179,Largest Number,28.8%,Medium,0.0138650401371716, https://leetcode.com/problems/largest-number
144,Binary Tree Preorder Traversal,55.7%,Medium,0.0136676387286638, https://leetcode.com/problems/binary-tree-preorder-traversal
70,Climbing Stairs,47.8%,Easy,0.0134949755750043, https://leetcode.com/problems/climbing-stairs
122,Best Time to Buy and Sell Stock II,57.0%,Easy,0.0133513331748642, https://leetcode.com/problems/best-time-to-buy-and-sell-stock-ii
303,Range Sum Query - Immutable,44.7%,Easy,0.0132408422369975, https://leetcode.com/problems/range-sum-query-immutable
496,Next Greater Element I,63.8%,Easy,0.0132015118585358, https://leetcode.com/problems/next-greater-element-i
451,Sort Characters By Frequency,63.0%,Medium,0.0131537575587405, https://leetcode.com/problems/sort-characters-by-frequency
344,Reverse String,68.5%,Easy,0.013014662307854, https://leetcode.com/problems/reverse-string
82,Remove Duplicates from Sorted List II,36.8%,Medium,0.0129703504426274, https://leetcode.com/problems/remove-duplicates-from-sorted-list-ii
213,House Robber II,36.5%,Medium,0.0126543922104975, https://leetcode.com/problems/house-robber-ii
181,Employees Earning More Than Their Managers,56.9%,Easy,0.0126184639592115, https://leetcode.com/problems/employees-earning-more-than-their-managers
50,Pow(x;n),30.3%,Medium,0.0125450298400817, https://leetcode.com/problems/powx-n
445,Add Two Numbers II,54.5%,Medium,0.0123306124574787, https://leetcode.com/problems/add-two-numbers-ii
547,Friend Circles,58.6%,Medium,0.0122288286394345, https://leetcode.com/problems/friend-circles
11,Container With Most Water,50.8%,Medium,0.0122148247464921, https://leetcode.com/problems/container-with-most-water
1313,Decompress Run-Length Encoded List,85.1%,Easy,0.0120883913859679, https://leetcode.com/problems/decompress-run-length-encoded-list
523,Continuous Subarray Sum,24.6%,Medium,0.0118169765047845, https://leetcode.com/problems/continuous-subarray-sum
7,Reverse Integer,25.8%,Easy,0.0115763470969863, https://leetcode.com/problems/reverse-integer
237,Delete Node in a Linked List,63.8%,Easy,0.0115385895564937, https://leetcode.com/problems/delete-node-in-a-linked-list
1051,Height Checker,71.1%,Easy,0.0114680155916411, https://leetcode.com/problems/height-checker
69,Sqrt(x),33.9%,Easy,0.0114432272223427, https://leetcode.com/problems/sqrtx
123,Best Time to Buy and Sell Stock III,37.5%,Hard,0.011261380272539, https://leetcode.com/problems/best-time-to-buy-and-sell-stock-iii
171,Excel Sheet Column Number,55.9%,Easy,0.0111951910924916, https://leetcode.com/problems/excel-sheet-column-number
494,Target Sum,46.3%,Medium,0.0110620597058585, https://leetcode.com/problems/target-sum
160,Intersection of Two Linked Lists,40.6%,Easy,0.0109944913986662, https://leetcode.com/problems/intersection-of-two-linked-lists
559,Maximum Depth of N-ary Tree,68.7%,Easy,0.0109740470319767, https://leetcode.com/problems/maximum-depth-of-n-ary-tree
1281,Subtract the Product and Sum of Digits of an Integer,85.2%,Easy,0.0109082074254642, https://leetcode.com/problems/subtract-the-product-and-sum-of-digits-of-an-integer
155,Min Stack,44.5%,Easy,0.010653509851791, https://leetcode.com/problems/min-stack
103,Binary Tree Zigzag Level Order Traversal,48.3%,Medium,0.010630255727992, https://leetcode.com/problems/binary-tree-zigzag-level-order-traversal
257,Binary Tree Paths,51.5%,Easy,0.0104576116439581, https://leetcode.com/problems/binary-tree-paths
572,Subtree of Another Tree,44.1%,Easy,0.0104548782926302, https://leetcode.com/problems/subtree-of-another-tree
211,Add and Search Word - Data structure design,38.1%,Medium,0.0104385081439234, https://leetcode.com/problems/add-and-search-word-data-structure-design
1480,Running Sum of 1d Array,90.5%,Easy,0.0104378271668411, https://leetcode.com/problems/running-sum-of-1d-array
62,Unique Paths,54.1%,Medium,0.0103675620488569, https://leetcode.com/problems/unique-paths
67,Add Binary,45.2%,Easy,0.0103426372886288, https://leetcode.com/problems/add-binary
819,Most Common Word,44.8%,Easy,0.0102696666374561, https://leetcode.com/problems/most-common-word
25,Reverse Nodes in k-Group,42.1%,Hard,0.0102119856050282, https://leetcode.com/problems/reverse-nodes-in-k-group
739,Daily Temperatures,63.3%,Medium,0.0100326901218144, https://leetcode.com/problems/daily-temperatures
18,4Sum,33.7%,Medium,0.0098425991441941, https://leetcode.com/problems/4sum
231,Power of Two,43.7%,Easy,0.0097371752778583, https://leetcode.com/problems/power-of-two
905,Sort Array By Parity,74.1%,Easy,0.0096039153541803, https://leetcode.com/problems/sort-array-by-parity
40,Combination Sum II,48.2%,Medium,0.0095786172970697, https://leetcode.com/problems/combination-sum-ii
387,First Unique Character in a String,53.4%,Easy,0.0093926801990541, https://leetcode.com/problems/first-unique-character-in-a-string
32,Longest Valid Parentheses,28.4%,Hard,0.0091116803512558, https://leetcode.com/problems/longest-valid-parentheses
416,Partition Equal Subset Sum,43.7%,Medium,0.0086862652559603, https://leetcode.com/problems/partition-equal-subset-sum
700,Search in a Binary Search Tree,73.1%,Easy,0.0085125008601712, https://leetcode.com/problems/search-in-a-binary-search-tree
235,Lowest Common Ancestor of a Binary Search Tree,49.9%,Easy,0.0082169731022808, https://leetcode.com/problems/lowest-common-ancestor-of-a-binary-search-tree
102,Binary Tree Level Order Traversal,54.6%,Medium,0.0081692384971294, https://leetcode.com/problems/binary-tree-level-order-traversal
6,ZigZag Conversion,36.3%,Medium,0.0077116248757144, https://leetcode.com/problems/zigzag-conversion
13,Roman to Integer,55.7%,Easy,0.0076982674257523, https://leetcode.com/problems/roman-to-integer
101,Symmetric Tree,46.8%,Easy,0.007646596306528, https://leetcode.com/problems/symmetric-tree
1108,Defanging an IP Address,87.5%,Easy,0.0073327551293917, https://leetcode.com/problems/defanging-an-ip-address
412,Fizz Buzz,62.3%,Easy,0.0071659210261436, https://leetcode.com/problems/fizz-buzz
938,Range Sum of BST,81.3%,Easy,0.0070114222378039, https://leetcode.com/problems/range-sum-of-bst
1342,Number of Steps to Reduce a Number to Zero,86.3%,Easy,0.0069759613207748, https://leetcode.com/problems/number-of-steps-to-reduce-a-number-to-zero
114,Flatten Binary Tree to Linked List,49.3%,Medium,0.0068965790590603, https://leetcode.com/problems/flatten-binary-tree-to-linked-list
29,Divide Two Integers,16.4%,Medium,0.0067727993400924, https://leetcode.com/problems/divide-two-integers
98,Validate Binary Search Tree,27.8%,Medium,0.0066113514893502, https://leetcode.com/problems/validate-binary-search-tree
83,Remove Duplicates from Sorted List,45.4%,Easy,0.0063532615226094, https://leetcode.com/problems/remove-duplicates-from-sorted-list
138,Copy List with Random Pointer,36.4%,Medium,0.0061910118808252, https://leetcode.com/problems/copy-list-with-random-pointer
1530,Number of Good Leaf Nodes Pairs,53.6%,Medium,0.0057803629154994, https://leetcode.com/problems/number-of-good-leaf-nodes-pairs
973,K Closest Points to Origin,63.8%,Medium,0.0057736880944263, https://leetcode.com/problems/k-closest-points-to-origin
39,Combination Sum,56.1%,Medium,0.0057159343964409, https://leetcode.com/problems/combination-sum
199,Binary Tree Right Side View,54.1%,Medium,0.0056826406650506, https://leetcode.com/problems/binary-tree-right-side-view
167,Two Sum II - Input array is sorted,54.1%,Easy,0.005507380022589, https://leetcode.com/problems/two-sum-ii-input-array-is-sorted
485,Max Consecutive Ones,54.6%,Easy,0.0053149208292896, https://leetcode.com/problems/max-consecutive-ones
48,Rotate Image,56.7%,Medium,0.0050955524266001, https://leetcode.com/problems/rotate-image
75,Sort Colors,47.3%,Medium,0.0049925216031209, https://leetcode.com/problems/sort-colors
154,Find Minimum in Rotated Sorted Array II,41.6%,Hard,0.0047801238247191, https://leetcode.com/problems/find-minimum-in-rotated-sorted-array-ii
35,Search Insert Position,42.6%,Easy,0.0046468485103753, https://leetcode.com/problems/search-insert-position
190,Reverse Bits,39.8%,Easy,0.0041165497459098, https://leetcode.com/problems/reverse-bits
125,Valid Palindrome,36.7%,Easy,0.0039805008274065, https://leetcode.com/problems/valid-palindrome
28,Implement strStr(),34.5%,Easy,0.00394322277504, https://leetcode.com/problems/implement-strstr
977,Squares of a Sorted Array,72.1%,Easy,0.0038910554929666, https://leetcode.com/problems/squares-of-a-sorted-array
27,Remove Element,48.2%,Easy,0.0035524016043678, https://leetcode.com/problems/remove-element
141,Linked List Cycle,41.1%,Easy,0.0034937584669245, https://leetcode.com/problems/linked-list-cycle
309,Best Time to Buy and Sell Stock with Cooldown,47.4%,Medium,0.0028498166907604, https://leetcode.com/problems/best-time-to-buy-and-sell-stock-with-cooldown
621,Task Scheduler,50.1%,Medium,0.0023417843381444, https://leetcode.com/problems/task-scheduler
26,Remove Duplicates from Sorted Array,45.1%,Easy,0.0019513153174351, https://leetcode.com/problems/remove-duplicates-from-sorted-array
203,Remove Linked List Elements,38.6%,Easy,0.0016237064659255, https://leetcode.com/problems/remove-linked-list-elements
151,Reverse Words in a String,21.9%,Medium,0.0015375156780384, https://leetcode.com/problems/reverse-words-in-a-string
100,Same Tree,53.4%,Easy,0.0014080047382258, https://leetcode.com/problems/same-tree
1509,Minimum Difference Between Largest and Smallest Value in Three Moves,51.0%,Medium,0.0, https://leetcode.com/problems/minimum-difference-between-largest-and-smallest-value-in-three-moves
1498,Number of Subsequences That Satisfy the Given Sum Condition,36.7%,Medium,0.0, https://leetcode.com/problems/number-of-subsequences-that-satisfy-the-given-sum-condition
1499,Max Value of Equation,44.4%,Hard,0.0, https://leetcode.com/problems/max-value-of-equation
1503,Last Moment Before All Ants Fall Out of a Plank,51.5%,Medium,0.0, https://leetcode.com/problems/last-moment-before-all-ants-fall-out-of-a-plank
1525,Number of Good Ways to Split a String,69.8%,Medium,0.0, https://leetcode.com/problems/number-of-good-ways-to-split-a-string
1526,Minimum Number of Increments on Subarrays to Form a Target Array,57.7%,Hard,0.0, https://leetcode.com/problems/minimum-number-of-increments-on-subarrays-to-form-a-target-array
1513,Number of Substrings With Only 1s,40.3%,Medium,0.0, https://leetcode.com/problems/number-of-substrings-with-only-1s
1546,Maximum Number of Non-Overlapping Subarrays With Sum Equals Target,40.6%,Medium,0.0, https://leetcode.com/problems/maximum-number-of-non-overlapping-subarrays-with-sum-equals-target
1506,Find Root of N-Ary Tree,80.0%,Medium,0.0, https://leetcode.com/problems/find-root-of-n-ary-tree
1516,Move Sub-Tree of N-Ary Tree,60.1%,Hard,0.0, https://leetcode.com/problems/move-sub-tree-of-n-ary-tree
1544,Make The String Great,54.4%,Easy,0.0, https://leetcode.com/problems/make-the-string-great
1514,Path with Maximum Probability,36.5%,Medium,0.0, https://leetcode.com/problems/path-with-maximum-probability
1261,Find Elements in a Contaminated Binary Tree,74.3%,Medium,0.0, https://leetcode.com/problems/find-elements-in-a-contaminated-binary-tree
1269,Number of Ways to Stay in the Same Place After Some Steps,43.2%,Hard,0.0, https://leetcode.com/problems/number-of-ways-to-stay-in-the-same-place-after-some-steps
1270,All People Report to the Given Manager,87.1%,Medium,0.0, https://leetcode.com/problems/all-people-report-to-the-given-manager
1346,Check If N and Its Double Exist,37.9%,Easy,0.0, https://leetcode.com/problems/check-if-n-and-its-double-exist
1387,Sort Integers by The Power Value,70.2%,Medium,0.0, https://leetcode.com/problems/sort-integers-by-the-power-value
1388,Pizza With 3n Slices,44.7%,Hard,0.0, https://leetcode.com/problems/pizza-with-3n-slices
1377,Frog Position After T Seconds,33.6%,Hard,0.0, https://leetcode.com/problems/frog-position-after-t-seconds
1401,Circle and Rectangle Overlapping,41.8%,Medium,0.0, https://leetcode.com/problems/circle-and-rectangle-overlapping
1392,Longest Happy Prefix,40.1%,Hard,0.0, https://leetcode.com/problems/longest-happy-prefix
1414,Find the Minimum Number of Fibonacci Numbers Whose Sum Is K,63.2%,Medium,0.0, https://leetcode.com/problems/find-the-minimum-number-of-fibonacci-numbers-whose-sum-is-k
1422,Maximum Score After Splitting a String,54.7%,Easy,0.0, https://leetcode.com/problems/maximum-score-after-splitting-a-string
1452,People Whose List of Favorite Companies Is Not a Subset of Another List,53.3%,Medium,0.0, https://leetcode.com/problems/people-whose-list-of-favorite-companies-is-not-a-subset-of-another-list
1461,Check If a String Contains All Binary Codes of Size K,44.6%,Medium,0.0, https://leetcode.com/problems/check-if-a-string-contains-all-binary-codes-of-size-k
1441,Build an Array With Stack Operations,68.7%,Easy,0.0, https://leetcode.com/problems/build-an-array-with-stack-operations
1449,Form Largest Integer With Digits That Add up to Target,41.8%,Hard,0.0, https://leetcode.com/problems/form-largest-integer-with-digits-that-add-up-to-target
1471,The k Strongest Values in an Array,57.0%,Medium,0.0, https://leetcode.com/problems/the-k-strongest-values-in-an-array
1494,Parallel Courses II,32.0%,Hard,0.0, https://leetcode.com/problems/parallel-courses-ii
1482,Minimum Number of Days to Make m Bouquets,45.8%,Medium,0.0, https://leetcode.com/problems/minimum-number-of-days-to-make-m-bouquets
1488,Avoid Flood in The City,25.3%,Medium,0.0, https://leetcode.com/problems/avoid-flood-in-the-city
1508,Range Sum of Sorted Subarray Sums,68.3%,Medium,0.0, https://leetcode.com/problems/range-sum-of-sorted-subarray-sums
545,Boundary of Binary Tree,38.9%,Medium,0.0, https://leetcode.com/problems/boundary-of-binary-tree
644,Maximum Average Subarray II,32.0%,Hard,0.0, https://leetcode.com/problems/maximum-average-subarray-ii
481,Magical String,47.5%,Medium,0.0, https://leetcode.com/problems/magical-string
506,Relative Ranks,50.5%,Easy,0.0, https://leetcode.com/problems/relative-ranks
514,Freedom Trail,43.0%,Hard,0.0, https://leetcode.com/problems/freedom-trail
520,Detect Capital,54.2%,Easy,0.0, https://leetcode.com/problems/detect-capital
521,Longest Uncommon Subsequence I ,57.6%,Easy,0.0, https://leetcode.com/problems/longest-uncommon-subsequence-i
522,Longest Uncommon Subsequence II,34.0%,Medium,0.0, https://leetcode.com/problems/longest-uncommon-subsequence-ii
526,Beautiful Arrangement,57.8%,Medium,0.0, https://leetcode.com/problems/beautiful-arrangement
533,Lonely Pixel II,47.9%,Medium,0.0, https://leetcode.com/problems/lonely-pixel-ii
569,Median Employee Salary,57.7%,Hard,0.0, https://leetcode.com/problems/median-employee-salary
638,Shopping Offers,51.5%,Medium,0.0, https://leetcode.com/problems/shopping-offers
651,4 Keys Keyboard,52.5%,Medium,0.0, https://leetcode.com/problems/4-keys-keyboard
656,Coin Path,29.0%,Hard,0.0, https://leetcode.com/problems/coin-path
667,Beautiful Arrangement II,54.3%,Medium,0.0, https://leetcode.com/problems/beautiful-arrangement-ii
756,Pyramid Transition Matrix,54.6%,Medium,0.0, https://leetcode.com/problems/pyramid-transition-matrix
782,Transform to Chessboard,46.5%,Hard,0.0, https://leetcode.com/problems/transform-to-chessboard
789,Escape The Ghosts,57.4%,Medium,0.0, https://leetcode.com/problems/escape-the-ghosts
808,Soup Servings,39.9%,Medium,0.0, https://leetcode.com/problems/soup-servings
813,Largest Sum of Averages,49.9%,Medium,0.0, https://leetcode.com/problems/largest-sum-of-averages
816,Ambiguous Coordinates,47.2%,Medium,0.0, https://leetcode.com/problems/ambiguous-coordinates
838,Push Dominoes,48.5%,Medium,0.0, https://leetcode.com/problems/push-dominoes
847,Shortest Path Visiting All Nodes,52.0%,Hard,0.0, https://leetcode.com/problems/shortest-path-visiting-all-nodes
879,Profitable Schemes,39.8%,Hard,0.0, https://leetcode.com/problems/profitable-schemes
519,Random Flip Matrix,36.7%,Medium,0.0, https://leetcode.com/problems/random-flip-matrix
906,Super Palindromes,32.7%,Hard,0.0, https://leetcode.com/problems/super-palindromes
916,Word Subsets,47.8%,Medium,0.0, https://leetcode.com/problems/word-subsets
944,Delete Columns to Make Sorted,70.3%,Easy,0.0, https://leetcode.com/problems/delete-columns-to-make-sorted
919,Complete Binary Tree Inserter,57.3%,Medium,0.0, https://leetcode.com/problems/complete-binary-tree-inserter
954,Array of Doubled Pairs,35.6%,Medium,0.0, https://leetcode.com/problems/array-of-doubled-pairs
955,Delete Columns to Make Sorted II,33.2%,Medium,0.0, https://leetcode.com/problems/delete-columns-to-make-sorted-ii
962,Maximum Width Ramp,45.4%,Medium,0.0, https://leetcode.com/problems/maximum-width-ramp
988,Smallest String Starting From Leaf,46.1%,Medium,0.0, https://leetcode.com/problems/smallest-string-starting-from-leaf
1059,All Paths from Source Lead to Destination,44.7%,Medium,0.0, https://leetcode.com/problems/all-paths-from-source-lead-to-destination
1012,Numbers With Repeated Digits,37.5%,Hard,0.0, https://leetcode.com/problems/numbers-with-repeated-digits
1015,Smallest Integer Divisible by K,32.1%,Medium,0.0, https://leetcode.com/problems/smallest-integer-divisible-by-k
1016,Binary String With Substrings Representing 1 To N,58.8%,Medium,0.0, https://leetcode.com/problems/binary-string-with-substrings-representing-1-to-n
1020,Number of Enclaves,57.8%,Medium,0.0, https://leetcode.com/problems/number-of-enclaves
1037,Valid Boomerang,37.9%,Easy,0.0, https://leetcode.com/problems/valid-boomerang
1182,Shortest Distance to Target Color,52.8%,Medium,0.0, https://leetcode.com/problems/shortest-distance-to-target-color
1199,Minimum Time to Build Blocks,37.4%,Hard,0.0, https://leetcode.com/problems/minimum-time-to-build-blocks
1078,Occurrences After Bigram,64.7%,Easy,0.0, https://leetcode.com/problems/occurrences-after-bigram
1090,Largest Values From Labels,58.9%,Medium,0.0, https://leetcode.com/problems/largest-values-from-labels
1272,Remove Interval,58.6%,Medium,0.0, https://leetcode.com/problems/remove-interval
1287,Element Appearing More Than 25% In Sorted Array,60.2%,Easy,0.0, https://leetcode.com/problems/element-appearing-more-than-25-in-sorted-array
1289,Minimum Falling Path Sum II,60.9%,Hard,0.0, https://leetcode.com/problems/minimum-falling-path-sum-ii
1314,Matrix Block Sum,73.7%,Medium,0.0, https://leetcode.com/problems/matrix-block-sum
1316,Distinct Echo Substrings,46.4%,Hard,0.0, https://leetcode.com/problems/distinct-echo-substrings
1144,Decrease Elements To Make Array Zigzag,45.4%,Medium,0.0, https://leetcode.com/problems/decrease-elements-to-make-array-zigzag
1147,Longest Chunked Palindrome Decomposition,58.6%,Hard,0.0, https://leetcode.com/problems/longest-chunked-palindrome-decomposition
1302,Deepest Leaves Sum,83.6%,Medium,0.0, https://leetcode.com/problems/deepest-leaves-sum
1331,Rank Transform of an Array,58.0%,Easy,0.0, https://leetcode.com/problems/rank-transform-of-an-array
1184,Distance Between Bus Stops,54.5%,Easy,0.0, https://leetcode.com/problems/distance-between-bus-stops
1207,Unique Number of Occurrences,71.6%,Easy,0.0, https://leetcode.com/problems/unique-number-of-occurrences
1538,Guess the Majority in a Hidden Array,63.2%,Medium,0.0, https://leetcode.com/problems/guess-the-majority-in-a-hidden-array
